Date,360ONE.NS,3MINDIA.NS,AADHARHFC.NS,AARTIIND.NS,AAVAS.NS,ABB.NS,ABBOTINDIA.NS,ABCAPITAL.NS,ABFRL.NS,ABLBL.NS,ABREL.NS,ABSLAMC.NS,ACC.NS,ACE.NS,ACMESOLAR.NS,ADANIENSOL.NS,ADANIENT.NS,ADANIGREEN.NS,ADANIPORTS.NS,ADANIPOWER.NS,AEGISLOG.NS,AEGISVOPAK.NS,AFCONS.NS,AFFLE.NS,AGARWALEYE.NS,AIAENG.NS,AIIL.NS,AJANTPHARM.NS,AKUMS.NS,AKZOINDIA.NS
2020-11-02,,,,,,,,,,,,,,,,,,,,,,,,,,,,,,
2020-11-03,,,,,,,,,,,,,,,,,,,,,,,,,,,,,,
2020-11-04,,,,,,,,,,,,,,,,,,,,,,,,,,,,,,
2020-11-05,,,,,,,,,,,,,,,,,,,,,,,,,,,,,,
2020-11-06,,,,,,,,,,,,,,,,,,,,,,,,,,,,,,
2020-11-09,,,,,,,,,,,,,,,,,,,,,,,,,,,,,,
2020-11-10,,,,,,,,,,,,,,,,,,,,,,,,,,,,,,
2020-11-11,,,,,,,,,,,,,,,,,,,,,,,,,,,,,,
2020-11-12,,,,,,,,,,,,,,,,,,,,,,,,,,,,,,
2020-11-13,,,,,,,,,,,,,,,,,,,,,,,,,,,,,,
2020-11-14,,,,,,,,,,,,,,,,,,,,,,,,,,,,,,
2020-11-17,,,,,,,,,,,,,,,,,,,,,,,,,,,,,,
2020-11-18,,,,,,,,,,,,,,,,,,,,,,,,,,,,,,
2020-11-19,,,,,,,,,,,,,,,,,,,,,,,,,,,,,,
2020-11-20,,,,,,,,,,,,,,,,,,,,,,,,,,,,,,
2020-11-23,,,,,,,,,,,,,,,,,,,,,,,,,,,,,,
2020-11-24,,,,,,,,,,,,,,,,,,,,,,,,,,,,,,
2020-11-25,,,,,,,,,,,,,,,,,,,,,,,,,,,,,,
2020-11-26,,,,,,,,,,,,,,,,,,,,,,,,,,,,,,
2020-11-27,,,,,,,,,,,,,,,,,,,,,,,,,,,,,,
2020-12-01,,,,,,,,,,,,,,,,,,,,,,,,,,,,,,
2020-12-02,,,,,,,,,,,,,,,,,,,,,,,,,,,,,,
2020-12-03,,,,,,,,,,,,,,,,,,,,,,,,,,,,,,
2020-12-04,,,,,,,,,,,,,,,,,,,,,,,,,,,,,,
2020-12-07,,,,,,,,,,,,,,,,,,,,,,,,,,,,,,
2020-12-08,,,,,,,,,,,,,,,,,,,,,,,,,,,,,,
2020-12-09,,,,,,,,,,,,,,,,,,,,,,,,,,,,,,
2020-12-10,,,,,,,,,,,,,,,,,,,,,,,,,,,,,,
2020-12-11,,,,,,,,,,,,,,,,,,,,,,,,,,,,,,
2020-12-14,,,,,,,,,,,,,,,,,,,,,,,,,,,,,,
2020-12-15,,,,,,,,,,,,,,,,,,,,,,,,,,,,,,
2020-12-16,,,,,,,,,,,,,,,,,,,,,,,,,,,,,,
2020-12-17,,,,,,,,,,,,,,,,,,,,,,,,,,,,,,
2020-12-18,,,,,,,,,,,,,,,,,,,,,,,,,,,,,,
2020-12-21,,,,,,,,,,,,,,,,,,,,,,,,,,,,,,
2020-12-22,,,,,,,,,,,,,,,,,,,,,,,,,,,,,,
2020-12-23,,,,,,,,,,,,,,,,,,,,,,,,,,,,,,
2020-12-24,,,,,,,,,,,,,,,,,,,,,,,,,,,,,,
2020-12-28,,,,,,,,,,,,,,,,,,,,,,,,,,,,,,
2020-12-29,,,,,,,,,,,,,,,,,,,,,,,,,,,,,,
2020-12-30,,,,,,,,,,,,,,,,,,,,,,,,,,,,,,
2020-12-31,,,,,,,,,,,,,,,,,,,,,,,,,,,,,,
2021-01-01,,,,,,,,,,,,,,,,,,,,,,,,,,,,,,
2021-01-04,,,,,,,,,,,,,,,,,,,,,,,,,,,,,,
2021-01-05,,,,,,,,,,,,,,,,,,,,,,,,,,,,,,
2021-01-06,,,,,,,,,,,,,,,,,,,,,,,,,,,,,,
2021-01-07,,,,,,,,,,,,,,,,,,,,,,,,,,,,,,
2021-01-08,,,,,,,,,,,,,,,,,,,,,,,,,,,,,,
2021-01-11,,,,,,,,,,,,,,,,,,,,,,,,,,,,,,
2021-01-12,,,,,,,,,,,,,,,,,,,,,,,,,,,,,,
2021-01-13,,,,,,,,,,,,,,,,,,,,,,,,,,,,,,
2021-01-14,,,,,,,,,,,,,,,,,,,,,,,,,,,,,,
2021-01-15,,,,,,,,,,,,,,,,,,,,,,,,,,,,,,
2021-01-18,,,,,,,,,,,,,,,,,,,,,,,,,,,,,,
2021-01-19,,,,,,,,,,,,,,,,,,,,,,,,,,,,,,
2021-01-20,,,,,,,,,,,,,,,,,,,,,,,,,,,,,,
2021-01-21,,,,,,,,,,,,,,,,,,,,,,,,,,,,,,
2021-01-22,,,,,,,,,,,,,,,,,,,,,,,,,,,,,,
2021-01-25,,,,,,,,,,,,,,,,,,,,,,,,,,,,,,
2021-01-27,,,,,,,,,,,,,,,,,,,,,,,,,,,,,,
2021-01-28,,,,,,,,,,,,,,,,,,,,,,,,,,,,,,
2021-01-29,,,,,,,,,,,,,,,,,,,,,,,,,,,,,,
2021-02-01,,,,,,,,,,,,,,,,,,,,,,,,,,,,,,
2021-02-02,,,,,,,,,,,,,,,,,,,,,,,,,,,,,,
2021-02-03,,,,,,,,,,,,,,,,,,,,,,,,,,,,,,
2021-02-04,,,,,,,,,,,,,,,,,,,,,,,,,,,,,,
2021-02-05,,,,,,,,,,,,,,,,,,,,,,,,,,,,,,
2021-02-08,,,,,,,,,,,,,,,,,,,,,,,,,,,,,,
2021-02-09,,,,,,,,,,,,,,,,,,,,,,,,,,,,,,
2021-02-10,,,,,,,,,,,,,,,,,,,,,,,,,,,,,,
2021-02-11,,,,,,,,,,,,,,,,,,,,,,,,,,,,,,
2021-02-12,,,,,,,,,,,,,,,,,,,,,,,,,,,,,,
2021-02-15,,,,,,,,,,,,,,,,,,,,,,,,,,,,,,
2021-02-16,,,,,,,,,,,,,,,,,,,,,,,,,,,,,,
2021-02-17,,,,,,,,,,,,,,,,,,,,,,,,,,,,,,
2021-02-18,,,,,,,,,,,,,,,,,,,,,,,,,,,,,,
2021-02-19,,,,,,,,,,,,,,,,,,,,,,,,,,,,,,
2021-02-22,,,,,,,,,,,,,,,,,,,,,,,,,,,,,,
2021-02-23,,,,,,,,,,,,,,,,,,,,,,,,,,,,,,
2021-02-24,,,,,,,,,,,,,,,,,,,,,,,,,,,,,,
2021-02-25,,,,,,,,,,,,,,,,,,,,,,,,,,,,,,
2021-02-26,,,,,,,,,,,,,,,,,,,,,,,,,,,,,,
2021-03-01,,,,,,,,,,,,,,,,,,,,,,,,,,,,,,
2021-03-02,,,,,,,,,,,,,,,,,,,,,,,,,,,,,,
2021-03-03,,,,,,,,,,,,,,,,,,,,,,,,,,,,,,
2021-03-04,,,,,,,,,,,,,,,,,,,,,,,,,,,,,,
2021-03-05,,,,,,,,,,,,,,,,,,,,,,,,,,,,,,
2021-03-08,,,,,,,,,,,,,,,,,,,,,,,,,,,,,,
2021-03-09,,,,,,,,,,,,,,,,,,,,,,,,,,,,,,
2021-03-10,,,,,,,,,,,,,,,,,,,,,,,,,,,,,,
2021-03-12,,,,,,,,,,,,,,,,,,,,,,,,,,,,,,
2021-03-15,,,,,,,,,,,,,,,,,,,,,,,,,,,,,,
2021-03-16,,,,,,,,,,,,,,,,,,,,,,,,,,,,,,
2021-03-17,,,,,,,,,,,,,,,,,,,,,,,,,,,,,,
2021-03-18,,,,,,,,,,,,,,,,,,,,,,,,,,,,,,
2021-03-19,,,,,,,,,,,,,,,,,,,,,,,,,,,,,,
2021-03-22,,,,,,,,,,,,,,,,,,,,,,,,,,,,,,
2021-03-23,,,,,,,,,,,,,,,,,,,,,,,,,,,,,,
2021-03-24,,,,,,,,,,,,,,,,,,,,,,,,,,,,,,
2021-03-25,,,,,,,,,,,,,,,,,,,,,,,,,,,,,,
2021-03-26,,,,,,,,,,,,,,,,,,,,,,,,,,,,,,
2021-03-30,,,,,,,,,,,,,,,,,,,,,,,,,,,,,,
2021-03-31,,,,,,,,,,,,,,,,,,,,,,,,,,,,,,
2021-04-01,,,,,,,,,,,,,,,,,,,,,,,,,,,,,,
2021-04-05,,,,,,,,,,,,,,,,,,,,,,,,,,,,,,
2021-04-06,,,,,,,,,,,,,,,,,,,,,,,,,,,,,,
2021-04-07,,,,,,,,,,,,,,,,,,,,,,,,,,,,,,
2021-04-08,,,,,,,,,,,,,,,,,,,,,,,,,,,,,,
2021-04-09,,,,,,,,,,,,,,,,,,,,,,,,,,,,,,
2021-04-12,,,,,,,,,,,,,,,,,,,,,,,,,,,,,,
2021-04-13,,,,,,,,,,,,,,,,,,,,,,,,,,,,,,
2021-04-15,,,,,,,,,,,,,,,,,,,,,,,,,,,,,,
2021-04-16,,,,,,,,,,,,,,,,,,,,,,,,,,,,,,
2021-04-19,,,,,,,,,,,,,,,,,,,,,,,,,,,,,,
2021-04-20,,,,,,,,,,,,,,,,,,,,,,,,,,,,,,
2021-04-22,,,,,,,,,,,,,,,,,,,,,,,,,,,,,,
2021-04-23,,,,,,,,,,,,,,,,,,,,,,,,,,,,,,
2021-04-26,,,,,,,,,,,,,,,,,,,,,,,,,,,,,,
2021-04-27,,,,,,,,,,,,,,,,,,,,,,,,,,,,,,
2021-04-28,,,,,,,,,,,,,,,,,,,,,,,,,,,,,,
2021-04-29,,,,,,,,,,,,,,,,,,,,,,,,,,,,,,
2021-04-30,,,,,,,,,,,,,,,,,,,,,,,,,,,,,,
2021-05-03,,,,,,,,,,,,,,,,,,,,,,,,,,,,,,
2021-05-04,,,,,,,,,,,,,,,,,,,,,,,,,,,,,,
2021-05-05,,,,,,,,,,,,,,,,,,,,,,,,,,,,,,
2021-05-06,,,,,,,,,,,,,,,,,,,,,,,,,,,,,,
2021-05-07,11.0,13.0,,7.0,9.0,8.0,19.0,6.0,15.0,,10.0,,16.0,5.0,,,1.0,14.0,3.0,2.0,,,,4.0,,18.0,,12.0,,17.0
2021-05-10,11.0,14.0,,7.0,10.0,8.0,19.0,6.0,15.0,,9.0,,17.0,4.0,,,1.0,12.0,3.0,2.0,,,,5.0,,18.0,,13.0,,16.0
2021-05-11,11.0,13.0,,7.0,9.0,8.0,19.0,6.0,14.0,,10.0,,17.0,4.0,,,1.0,12.0,3.0,2.0,,,,5.0,,18.0,,15.0,,16.0
2021-05-12,11.0,13.0,,7.0,8.0,9.0,19.0,6.0,15.0,,10.0,,17.0,3.0,,,1.0,14.0,4.0,2.0,,,,5.0,,18.0,,12.0,,16.0
2021-05-14,11.0,14.0,,8.0,7.0,10.0,19.0,6.0,15.0,,9.0,,16.0,4.0,,,1.0,12.0,3.0,2.0,,,,5.0,,18.0,,13.0,,17.0
2021-05-17,11.0,15.0,,8.0,7.0,10.0,19.0,5.0,13.0,,9.0,,16.0,4.0,,,1.0,12.0,3.0,2.0,,,,6.0,,17.0,,14.0,,18.0
2021-05-18,14.0,12.0,,7.0,10.0,9.0,19.0,6.0,15.0,,8.0,,16.0,4.0,,,1.0,11.0,3.0,2.0,,,,5.0,,18.0,,13.0,,17.0
2021-05-19,14.0,12.0,,8.0,10.0,9.0,19.0,6.0,15.0,,7.0,,16.0,3.0,,,1.0,11.0,4.0,2.0,,,,5.0,,17.0,,13.0,,18.0
2021-05-20,14.0,13.0,,8.0,9.0,10.0,19.0,6.0,15.0,,7.0,,16.0,3.0,,,1.0,11.0,4.0,2.0,,,,5.0,,17.0,,12.0,,18.0
2021-05-21,16.0,12.0,,9.0,8.0,10.0,19.0,6.0,14.0,,7.0,,15.0,4.0,,,1.0,11.0,3.0,2.0,,,,5.0,,18.0,,13.0,,17.0
2021-05-24,14.0,12.0,,9.0,7.0,10.0,19.0,8.0,15.0,,6.0,,16.0,4.0,,,1.0,11.0,3.0,2.0,,,,5.0,,18.0,,13.0,,17.0
2021-05-25,14.0,12.0,,10.0,7.0,8.0,19.0,9.0,15.0,,6.0,,16.0,4.0,,,1.0,13.0,3.0,2.0,,,,5.0,,18.0,,11.0,,17.0
2021-05-26,13.0,12.0,,9.0,6.0,10.0,18.0,8.0,16.0,,7.0,,14.0,4.0,,,1.0,15.0,3.0,2.0,,,,5.0,,19.0,,11.0,,17.0
2021-05-27,14.0,12.0,,10.0,6.0,9.0,19.0,7.0,16.0,,8.0,,13.0,4.0,,,1.0,15.0,3.0,2.0,,,,5.0,,18.0,,11.0,,17.0
2021-05-28,12.0,15.0,,9.0,6.0,10.0,19.0,7.0,13.0,,8.0,,14.0,4.0,,,1.0,17.0,3.0,2.0,,,,5.0,,18.0,,11.0,,16.0
2021-05-31,13.0,15.0,,9.0,8.0,6.0,18.0,10.0,12.0,,7.0,,14.0,4.0,,,1.0,17.0,3.0,2.0,,,,5.0,,19.0,,11.0,,16.0
2021-06-01,13.0,15.0,,7.0,8.0,6.0,18.0,9.0,11.0,,10.0,,14.0,4.0,,,1.0,17.0,3.0,2.0,,,,5.0,,19.0,,12.0,,16.0
2021-06-02,13.0,15.0,,8.0,10.0,6.0,18.0,7.0,12.0,,9.0,,14.0,4.0,,,1.0,16.0,3.0,2.0,,,,5.0,,19.0,,11.0,,17.0
2021-06-03,12.0,14.0,,8.0,9.0,6.0,18.0,7.0,13.0,,10.0,,15.0,5.0,,,1.0,16.0,3.0,2.0,,,,4.0,,19.0,,11.0,,17.0
2021-06-04,14.0,13.0,,7.0,6.0,5.0,19.0,10.0,12.0,,9.0,,15.0,8.0,,,1.0,16.0,3.0,2.0,,,,4.0,,18.0,,11.0,,17.0
2021-06-07,13.0,14.0,,6.0,5.0,4.0,18.0,10.0,12.0,,8.0,,15.0,9.0,,,1.0,16.0,3.0,2.0,,,,7.0,,19.0,,11.0,,17.0
2021-06-08,13.0,15.0,,6.0,7.0,9.0,18.0,10.0,12.0,,5.0,,14.0,4.0,,,1.0,16.0,3.0,2.0,,,,8.0,,19.0,,11.0,,17.0
2021-06-09,13.0,15.0,,4.0,7.0,6.0,18.0,9.0,11.0,,8.0,,14.0,5.0,,,1.0,16.0,3.0,2.0,,,,10.0,,19.0,,12.0,,17.0
2021-06-10,14.0,15.0,,4.0,6.0,8.0,17.0,9.0,11.0,,7.0,,12.0,5.0,,,1.0,16.0,3.0,2.0,,,,10.0,,19.0,,13.0,,18.0
2021-06-11,13.0,15.0,,6.0,5.0,7.0,17.0,10.0,11.0,,8.0,,12.0,4.0,,,1.0,16.0,3.0,2.0,,,,9.0,,19.0,,14.0,,18.0
2021-06-14,13.0,15.0,,6.0,5.0,8.0,17.0,10.0,11.0,,7.0,,12.0,3.0,,,1.0,16.0,4.0,2.0,,,,9.0,,19.0,,14.0,,18.0
2021-06-15,14.0,15.0,,8.0,6.0,7.0,17.0,10.0,11.0,,5.0,,12.0,3.0,,,1.0,16.0,4.0,2.0,,,,9.0,,19.0,,13.0,,18.0
2021-06-16,16.0,15.0,,5.0,4.0,8.0,17.0,10.0,11.0,,6.0,,12.0,3.0,,,1.0,14.0,7.0,2.0,,,,9.0,,19.0,,13.0,,18.0
2021-06-17,15.0,14.0,,6.0,5.0,7.0,18.0,10.0,12.0,,4.0,,11.0,3.0,,,1.0,16.0,8.0,2.0,,,,9.0,,19.0,,13.0,,17.0
2021-06-18,15.0,14.0,,8.0,5.0,4.0,19.0,9.0,12.0,,6.0,,11.0,3.0,,,1.0,16.0,7.0,2.0,,,,10.0,,17.0,,13.0,,18.0
2021-06-21,16.0,15.0,,8.0,4.0,7.0,18.0,9.0,10.0,,6.0,,11.0,3.0,,,1.0,14.0,5.0,2.0,,,,12.0,,17.0,,13.0,,19.0
2021-06-22,15.0,16.0,,8.0,5.0,7.0,17.0,9.0,10.0,,6.0,,11.0,3.0,,,1.0,13.0,4.0,2.0,,,,14.0,,18.0,,12.0,,19.0
2021-06-23,14.0,15.0,,8.0,6.0,7.0,18.0,9.0,10.0,,5.0,,11.0,3.0,,,1.0,16.0,4.0,2.0,,,,13.0,,19.0,,12.0,,17.0
2021-06-24,16.0,14.0,,8.0,6.0,7.0,19.0,9.0,10.0,,5.0,,11.0,3.0,,,1.0,15.0,4.0,2.0,,,,12.0,,18.0,,13.0,,17.0
2021-06-25,15.0,14.0,,10.0,7.0,6.0,19.0,8.0,9.0,,4.0,,11.0,3.0,,,1.0,16.0,5.0,2.0,,,,13.0,,18.0,,12.0,,17.0
2021-06-28,15.0,14.0,,8.0,5.0,7.0,17.0,9.0,10.0,,4.0,,11.0,3.0,,,1.0,16.0,6.0,2.0,,,,13.0,,18.0,,12.0,,19.0
2021-06-29,15.0,14.0,,8.0,4.0,7.0,19.0,10.0,9.0,,5.0,,11.0,3.0,,,1.0,17.0,6.0,2.0,,,,13.0,,16.0,,12.0,,18.0
2021-06-30,13.0,14.0,,8.0,4.0,6.0,18.0,9.0,10.0,,5.0,,12.0,3.0,,,1.0,16.0,7.0,2.0,,,,15.0,,17.0,,11.0,,19.0
2021-07-01,13.0,14.0,,8.0,4.0,6.0,16.0,9.0,10.0,,5.0,,12.0,3.0,,,1.0,17.0,7.0,2.0,,,,15.0,,18.0,,11.0,,19.0
2021-07-02,13.0,15.0,,8.0,4.0,6.0,17.0,9.0,10.0,,5.0,,12.0,3.0,,,1.0,19.0,7.0,2.0,,,,14.0,,16.0,,11.0,,18.0
2021-07-05,12.0,15.0,,8.0,5.0,7.0,17.0,9.0,10.0,,4.0,,13.0,3.0,,,1.0,19.0,6.0,2.0,,,,14.0,,16.0,,11.0,,18.0
2021-07-06,13.0,15.0,,8.0,5.0,7.0,17.0,9.0,11.0,,4.0,,12.0,3.0,,,1.0,19.0,6.0,2.0,,,,14.0,,16.0,,10.0,,18.0
2021-07-07,13.0,15.0,,8.0,3.0,7.0,17.0,10.0,11.0,,4.0,,12.0,5.0,,,1.0,19.0,6.0,2.0,,,,14.0,,16.0,,9.0,,18.0
2021-07-08,13.0,14.0,,8.0,5.0,7.0,16.0,11.0,10.0,,3.0,,12.0,4.0,,,1.0,18.0,6.0,2.0,,,,15.0,,17.0,,9.0,,19.0
2021-07-09,13.0,14.0,,10.0,6.0,7.0,15.0,9.0,11.0,,3.0,,12.0,4.0,,,1.0,19.0,5.0,2.0,,,,16.0,,17.0,,8.0,,18.0
2021-07-12,13.0,14.0,,9.0,5.0,8.0,15.0,7.0,10.0,,3.0,,12.0,4.0,,,1.0,19.0,6.0,2.0,,,,16.0,,17.0,,11.0,,18.0
2021-07-13,12.0,16.0,,9.0,5.0,7.0,14.0,10.0,8.0,,3.0,,11.0,4.0,,,1.0,19.0,6.0,2.0,,,,15.0,,17.0,,13.0,,18.0
2021-07-14,11.0,15.0,,9.0,5.0,6.0,14.0,10.0,7.0,,3.0,,13.0,4.0,,,1.0,18.0,8.0,2.0,,,,16.0,,17.0,,12.0,,19.0
2021-07-15,11.0,15.0,,9.0,5.0,7.0,14.0,10.0,8.0,,3.0,,13.0,4.0,,,1.0,17.0,6.0,2.0,,,,16.0,,18.0,,12.0,,19.0
2021-07-16,9.0,14.0,,10.0,5.0,6.0,15.0,7.0,11.0,,3.0,,12.0,4.0,,,1.0,17.0,8.0,2.0,,,,16.0,,18.0,,13.0,,19.0
2021-07-19,9.0,16.0,,8.0,5.0,6.0,14.0,7.0,11.0,,3.0,,12.0,4.0,,,1.0,17.0,10.0,2.0,,,,15.0,,18.0,,13.0,,19.0
2021-07-20,8.0,16.0,,6.0,5.0,7.0,13.0,9.0,15.0,,4.0,,10.0,3.0,,,1.0,17.0,11.0,2.0,,,,14.0,,19.0,,12.0,,18.0
2021-07-22,8.0,16.0,,6.0,5.0,7.0,15.0,11.0,12.0,,4.0,,9.0,3.0,,,1.0,17.0,10.0,2.0,,,,14.0,,19.0,,13.0,,18.0
2021-07-23,11.0,16.0,,5.0,6.0,12.0,14.0,9.0,10.0,,4.0,,7.0,2.0,,,1.0,17.0,8.0,3.0,,,,15.0,,19.0,,13.0,,18.0
2021-07-26,10.0,16.0,,5.0,7.0,13.0,12.0,9.0,11.0,,4.0,,6.0,2.0,,,1.0,19.0,8.0,3.0,,,,15.0,,18.0,,14.0,,17.0
2021-07-27,12.0,15.0,,5.0,7.0,13.0,10.0,8.0,9.0,,4.0,,6.0,2.0,,,1.0,19.0,14.0,3.0,,,,16.0,,18.0,,11.0,,17.0
2021-07-28,11.0,15.0,,5.0,9.0,13.0,12.0,7.0,10.0,,2.0,,6.0,3.0,,,1.0,19.0,14.0,4.0,,,,16.0,,18.0,,8.0,,17.0
2021-07-29,11.0,15.0,,5.0,8.0,14.0,12.0,9.0,10.0,,3.0,,6.0,2.0,,,1.0,19.0,13.0,4.0,,,,16.0,,17.0,,7.0,,18.0
2021-07-30,8.0,15.0,,5.0,7.0,14.0,11.0,9.0,10.0,,2.0,,6.0,3.0,,,1.0,19.0,13.0,4.0,,,,16.0,,17.0,,12.0,,18.0
2021-08-02,8.0,14.0,,5.0,12.0,15.0,10.0,7.0,9.0,,2.0,,6.0,3.0,,,1.0,19.0,11.0,4.0,,,,16.0,,18.0,,13.0,,17.0
2021-08-03,9.0,14.0,,5.0,11.0,15.0,12.0,7.0,8.0,,2.0,,6.0,3.0,,,1.0,19.0,10.0,4.0,,,,16.0,,17.0,,13.0,,18.0
2021-08-04,6.0,14.0,,5.0,10.0,15.0,13.0,9.0,8.0,,3.0,,7.0,2.0,,,1.0,19.0,11.0,4.0,,,,16.0,,17.0,,12.0,,18.0
2021-08-05,6.0,13.0,,5.0,9.0,15.0,14.0,10.0,8.0,,2.0,,7.0,4.0,,,1.0,19.0,12.0,3.0,,,,16.0,,18.0,,11.0,,17.0
2021-08-06,5.0,14.0,,4.0,11.0,15.0,13.0,7.0,8.0,,3.0,,9.0,6.0,,,1.0,19.0,12.0,2.0,,,,16.0,,17.0,,10.0,,18.0
2021-08-09,5.0,14.0,,4.0,10.0,15.0,13.0,9.0,7.0,,3.0,,8.0,6.0,,,1.0,19.0,12.0,2.0,,,,16.0,,17.0,,11.0,,18.0
2021-08-10,5.0,14.0,,4.0,10.0,16.0,9.0,11.0,8.0,,2.0,,7.0,6.0,,,1.0,19.0,13.0,3.0,,,,15.0,,18.0,,12.0,,17.0
2021-08-11,5.0,14.0,,4.0,8.0,15.0,9.0,10.0,11.0,,2.0,,7.0,6.0,,,1.0,19.0,12.0,3.0,,,,16.0,,17.0,,13.0,,18.0
2021-08-12,6.0,15.0,,4.0,11.0,14.0,8.0,10.0,9.0,,2.0,,7.0,5.0,,,1.0,19.0,13.0,3.0,,,,18.0,,16.0,,12.0,,17.0
2021-08-13,6.0,15.0,,4.0,14.0,13.0,8.0,9.0,10.0,,2.0,,7.0,5.0,,,1.0,19.0,12.0,3.0,,,,17.0,,18.0,,11.0,,16.0
2021-08-16,8.0,15.0,,4.0,14.0,13.0,5.0,9.0,11.0,,2.0,,6.0,7.0,,,1.0,19.0,12.0,3.0,,,,18.0,,17.0,,10.0,,16.0
2021-08-17,8.0,14.0,,3.0,15.0,11.0,6.0,10.0,12.0,,2.0,,7.0,5.0,,,1.0,18.0,13.0,4.0,,,,19.0,,17.0,,9.0,,16.0
2021-08-18,7.0,14.0,,3.0,15.0,12.0,6.0,9.0,11.0,,2.0,,5.0,8.0,,,1.0,18.0,13.0,4.0,,,,19.0,,17.0,,10.0,,16.0
2021-08-20,8.0,14.0,,3.0,15.0,11.0,5.0,12.0,10.0,,2.0,,6.0,7.0,,,1.0,18.0,13.0,4.0,,,,19.0,,17.0,,9.0,,16.0
2021-08-23,8.0,13.0,,3.0,12.0,11.0,5.0,16.0,10.0,,2.0,,6.0,7.0,,,1.0,18.0,14.0,4.0,,,,19.0,,17.0,,9.0,,15.0
2021-08-24,6.0,14.0,,3.0,13.0,11.0,5.0,17.0,10.0,,2.0,,7.0,8.0,,,1.0,18.0,12.0,4.0,,,,19.0,,16.0,,9.0,,15.0
2021-08-25,8.0,14.0,,3.0,13.0,11.0,6.0,16.0,10.0,,2.0,,7.0,5.0,,,1.0,18.0,12.0,4.0,,,,19.0,,17.0,,9.0,,15.0
2021-08-26,9.0,14.0,,3.0,15.0,11.0,7.0,13.0,10.0,,2.0,,6.0,5.0,,,1.0,18.0,12.0,4.0,,,,19.0,,16.0,,8.0,,17.0
2021-08-27,8.0,14.0,,4.0,12.0,9.0,7.0,17.0,11.0,,3.0,,6.0,5.0,,,1.0,18.0,13.0,2.0,,,,19.0,,15.0,,10.0,,16.0
2021-08-30,7.0,14.0,,4.0,12.0,9.0,8.0,17.0,11.0,,3.0,,5.0,6.0,,,1.0,18.0,13.0,2.0,,,,19.0,,15.0,,10.0,,16.0
2021-08-31,6.0,14.0,,5.0,15.0,10.0,8.0,19.0,11.0,,3.0,,7.0,4.0,,,1.0,17.0,12.0,2.0,,,,18.0,,13.0,,9.0,,16.0
2021-09-01,7.0,12.0,,5.0,14.0,10.0,6.0,19.0,11.0,,3.0,,8.0,4.0,,,1.0,17.0,16.0,2.0,,,,18.0,,13.0,,9.0,,15.0
2021-09-02,8.0,15.0,,5.0,14.0,10.0,7.0,19.0,11.0,,3.0,,6.0,4.0,,,2.0,17.0,12.0,1.0,,,,18.0,,13.0,,9.0,,16.0
2021-09-03,8.0,16.0,,5.0,14.0,10.0,7.0,19.0,12.0,,3.0,,6.0,4.0,,,2.0,17.0,13.0,1.0,,,,18.0,,11.0,,9.0,,15.0
2021-09-06,8.0,16.0,,5.0,12.0,10.0,7.0,18.0,13.0,,2.0,,6.0,4.0,,,1.0,17.0,14.0,3.0,,,,19.0,,11.0,,9.0,,15.0
2021-09-07,8.0,17.0,,6.0,12.0,10.0,7.0,18.0,13.0,,2.0,,5.0,3.0,,,1.0,16.0,14.0,4.0,,,,19.0,,11.0,,9.0,,15.0
2021-09-08,6.0,17.0,,4.0,12.0,9.0,5.0,18.0,15.0,,2.0,,8.0,3.0,,,1.0,16.0,13.0,7.0,,,,19.0,,11.0,,10.0,,14.0
2021-09-09,5.0,17.0,,4.0,12.0,9.0,6.0,18.0,16.0,,2.0,,8.0,3.0,,,1.0,13.0,15.0,7.0,,,,19.0,,11.0,,10.0,,14.0
2021-09-13,6.0,17.0,,4.0,11.0,9.0,5.0,18.0,16.0,,2.0,,7.0,3.0,,,1.0,14.0,15.0,8.0,,,,19.0,,12.0,,10.0,,13.0
2021-09-14,6.0,17.0,,5.0,11.0,8.0,4.0,19.0,15.0,,1.0,,7.0,2.0,,,3.0,16.0,13.0,10.0,,,,18.0,,12.0,,9.0,,14.0
2021-09-15,6.0,16.0,,4.0,11.0,8.0,5.0,18.0,14.0,,2.0,,7.0,3.0,,,1.0,17.0,13.0,9.0,,,,19.0,,12.0,,10.0,,15.0
2021-09-16,6.0,17.0,,4.0,11.0,9.0,5.0,18.0,15.0,,2.0,,7.0,3.0,,,1.0,14.0,13.0,8.0,,,,19.0,,12.0,,10.0,,16.0
2021-09-17,5.0,17.0,,4.0,11.0,8.0,6.0,18.0,14.0,,1.0,,7.0,3.0,,,2.0,16.0,13.0,9.0,,,,19.0,,12.0,,10.0,,15.0
2021-09-20,6.0,17.0,,5.0,12.0,8.0,4.0,18.0,14.0,,1.0,,7.0,3.0,,,2.0,16.0,13.0,10.0,,,,19.0,,11.0,,9.0,,15.0
2021-09-21,7.0,17.0,,5.0,10.0,8.0,4.0,18.0,14.0,,1.0,,6.0,3.0,,,2.0,16.0,11.0,13.0,,,,19.0,,12.0,,9.0,,15.0
2021-09-22,7.0,18.0,,5.0,12.0,8.0,4.0,19.0,14.0,,1.0,,6.0,2.0,,,3.0,15.0,11.0,13.0,,,,17.0,,10.0,,9.0,,16.0
2021-09-23,6.0,19.0,,5.0,10.0,8.0,4.0,18.0,13.0,,1.0,,7.0,2.0,,,3.0,17.0,11.0,14.0,,,,16.0,,12.0,,9.0,,15.0
2021-09-24,6.0,19.0,,5.0,10.0,7.0,4.0,17.0,11.0,,1.0,,8.0,2.0,,,3.0,18.0,12.0,16.0,,,,15.0,,13.0,,9.0,,14.0
2021-09-27,6.0,18.0,,4.0,11.0,7.0,3.0,17.0,10.0,,1.0,,8.0,2.0,,,5.0,19.0,14.0,16.0,,,,15.0,,12.0,,9.0,,13.0
2021-09-28,6.0,19.0,,5.0,11.0,7.0,4.0,16.0,10.0,,1.0,,8.0,2.0,,,3.0,18.0,12.0,17.0,,,,15.0,,13.0,,9.0,,14.0
2021-09-29,5.0,19.0,,4.0,11.0,7.0,6.0,17.0,10.0,,1.0,,9.0,2.0,,,3.0,18.0,12.0,16.0,,,,14.0,,15.0,,8.0,,13.0
2021-09-30,6.0,19.0,,4.0,11.0,7.0,5.0,18.0,10.0,,1.0,,9.0,2.0,,,3.0,17.0,12.0,15.0,,,,14.0,,16.0,,8.0,,13.0
2021-10-01,6.0,19.0,,5.0,12.0,7.0,3.0,18.0,9.0,,1.0,,10.0,2.0,,,4.0,16.0,13.0,11.0,,,,14.0,,17.0,,8.0,,15.0
2021-10-04,7.0,19.0,,4.0,12.0,6.0,3.0,18.0,9.0,,1.0,,11.0,2.0,,,5.0,14.0,13.0,10.0,,,,15.0,,17.0,,8.0,,16.0
2021-10-05,9.0,19.0,,4.0,12.0,6.0,3.0,18.0,8.0,,1.0,,11.0,2.0,,,5.0,13.0,15.0,10.0,,,,14.0,,17.0,,7.0,,16.0
2021-10-06,9.0,19.0,,3.0,11.0,5.0,4.0,18.0,8.0,,1.0,,10.0,2.0,,,6.0,13.0,15.0,12.0,,,,14.0,,17.0,,7.0,,16.0
2021-10-07,8.0,18.0,,3.0,11.0,5.0,4.0,17.0,6.0,,1.0,,10.0,2.0,,,9.0,14.0,19.0,13.0,,,,12.0,,15.0,,7.0,,16.0
2021-10-08,9.0,17.0,,3.0,11.0,5.0,4.0,19.0,6.0,,1.0,,10.0,2.0,,,8.0,14.0,18.0,13.0,,,,12.0,,15.0,,7.0,,16.0
2021-10-11,9.0,17.0,,3.0,10.0,8.0,4.0,19.0,5.0,,1.0,,11.0,2.0,,,7.0,14.0,18.0,13.0,,,,12.0,,15.0,,6.0,,16.0
2021-10-12,6.0,17.0,,3.0,10.0,7.0,4.0,19.0,5.0,,1.0,,11.0,2.0,,,9.0,13.0,18.0,14.0,,,,12.0,,16.0,,8.0,,15.0
2021-10-13,7.0,16.0,,3.0,10.0,8.0,6.0,19.0,4.0,,1.0,,11.0,2.0,,,5.0,14.0,15.0,12.0,,,,13.0,,18.0,,9.0,,17.0
2021-10-14,7.0,17.0,,3.0,10.0,8.0,6.0,19.0,4.0,,1.0,,12.0,2.0,,,5.0,14.0,13.0,11.0,,,,15.0,,16.0,,9.0,,18.0
2021-10-18,5.0,17.0,,3.0,12.0,8.0,6.0,19.0,4.0,,1.0,,11.0,2.0,,,7.0,14.0,13.0,9.0,,,,15.0,,16.0,,10.0,,18.0
2021-10-19,5.0,18.0,,3.0,11.0,9.0,6.0,19.0,4.0,,1.0,,12.0,2.0,,,8.0,13.0,14.0,7.0,,,,15.0,,16.0,,10.0,,17.0
2021-10-20,4.0,18.0,,5.0,11.0,9.0,6.0,19.0,3.0,,1.0,,12.0,2.0,,,7.0,13.0,14.0,8.0,,,,16.0,,15.0,,10.0,,17.0
2021-10-21,3.0,18.0,,6.0,10.0,9.0,5.0,19.0,4.0,,1.0,,11.0,2.0,,,8.0,13.0,14.0,7.0,,,,16.0,,15.0,,12.0,,17.0
2021-10-22,3.0,18.0,,5.0,10.0,6.0,7.0,19.0,4.0,,1.0,,11.0,2.0,,,9.0,13.0,15.0,8.0,,,,16.0,,14.0,,12.0,,17.0
2021-10-25,3.0,16.0,,5.0,10.0,7.0,6.0,19.0,4.0,,1.0,,11.0,2.0,,,8.0,13.0,14.0,9.0,,,,17.0,,15.0,,12.0,,18.0
2021-10-26,4.0,16.0,,6.0,10.0,7.0,5.0,19.0,3.0,,1.0,,11.0,2.0,,,8.0,13.0,14.0,9.0,,,,18.0,,15.0,,12.0,,17.0
2021-10-27,3.0,15.0,,8.0,9.0,6.0,5.0,19.0,4.0,,2.0,,10.0,1.0,,,7.0,13.0,16.0,11.0,,,,18.0,,14.0,,12.0,,17.0
2021-10-28,3.0,15.0,,7.0,9.0,4.0,6.0,19.0,5.0,,1.0,,8.0,2.0,,,10.0,13.0,18.0,12.0,,,,17.0,,14.0,,11.0,,16.0
2021-10-29,4.0,15.0,,8.0,9.0,3.0,6.0,19.0,5.0,,1.0,,7.0,2.0,,,10.0,12.0,18.0,13.0,,,,17.0,,14.0,,11.0,,16.0
2021-11-01,5.0,15.0,,9.0,10.0,4.0,6.0,19.0,3.0,,2.0,,7.0,1.0,,,8.0,12.0,16.0,13.0,,,,17.0,,14.0,,11.0,,18.0
2021-11-02,5.0,15.0,,11.0,8.0,4.0,6.0,19.0,3.0,,1.0,,7.0,2.0,,,10.0,12.0,18.0,13.0,,,,16.0,,14.0,,9.0,,17.0
2021-11-03,5.0,14.0,,11.0,8.0,4.0,6.0,19.0,3.0,,1.0,,7.0,2.0,,,9.0,12.0,18.0,13.0,,,,16.0,,15.0,,10.0,,17.0
2021-11-04,5.0,14.0,,12.0,8.0,4.0,6.0,19.0,3.0,,1.0,,7.0,2.0,,,9.0,10.0,18.0,13.0,,,,16.0,,15.0,,11.0,,17.0
2021-11-08,5.0,11.0,,14.0,8.0,4.0,7.0,19.0,3.0,,2.0,,6.0,1.0,,,9.0,10.0,17.0,13.0,,,,16.0,,15.0,,12.0,,18.0
2021-11-09,5.0,13.0,,11.0,9.0,4.0,7.0,17.0,3.0,,2.0,,6.0,1.0,,,8.0,12.0,19.0,10.0,,,,16.0,,15.0,,14.0,,18.0
2021-11-10,5.0,13.0,,12.0,9.0,4.0,8.0,19.0,3.0,,1.0,,6.0,2.0,,,7.0,11.0,18.0,10.0,,,,16.0,,15.0,,14.0,,17.0
2021-11-11,5.0,14.0,,13.0,9.0,4.0,8.0,19.0,3.0,,1.0,,6.0,2.0,,,7.0,10.0,18.0,12.0,,,,15.0,,16.0,,11.0,,17.0
2021-11-12,5.0,15.0,,14.0,8.0,4.0,9.0,19.0,3.0,,1.0,,6.0,2.0,,,7.0,10.0,16.0,12.0,,,,11.0,,17.0,,13.0,,18.0
2021-11-15,6.0,15.0,,12.0,9.0,4.0,8.0,19.0,3.0,,1.0,,7.0,2.0,,,5.0,10.0,16.0,13.0,,,,11.0,,17.0,,14.0,,18.0
2021-11-16,5.0,15.0,,13.0,9.0,3.0,8.0,19.0,4.0,,1.0,,7.0,2.0,,,6.0,10.0,16.0,14.0,,,,11.0,,17.0,,12.0,,18.0
2021-11-17,5.0,17.0,,12.0,9.0,3.0,8.0,19.0,4.0,,1.0,,7.0,2.0,,,6.0,13.0,18.0,14.0,,,,10.0,,16.0,,11.0,,15.0
2021-11-18,5.0,17.0,,10.0,9.0,3.0,8.0,19.0,2.0,,1.0,,7.0,4.0,,,6.0,13.0,18.0,15.0,,,,11.0,,16.0,,12.0,,14.0
2021-11-22,4.0,16.0,,12.0,9.0,2.0,7.0,19.0,3.0,,1.0,,8.0,5.0,,,6.0,13.0,18.0,14.0,,,,10.0,,17.0,,11.0,,15.0
2021-11-23,4.0,15.0,,10.0,9.0,3.0,7.0,19.0,2.0,,1.0,,8.0,5.0,,,6.0,12.0,17.0,14.0,,,,11.0,,18.0,,13.0,,16.0
2021-11-24,6.0,16.0,,10.0,9.0,3.0,8.0,19.0,2.0,,1.0,,7.0,5.0,,,4.0,14.0,15.0,12.0,,,,11.0,,18.0,,13.0,,17.0
2021-11-25,6.0,17.0,,11.0,9.0,4.0,7.0,19.0,2.0,,1.0,,8.0,5.0,,,3.0,12.0,15.0,14.0,,,,10.0,,18.0,,13.0,,16.0
2021-11-26,3.0,16.0,,11.0,9.0,4.0,7.0,19.0,2.0,,1.0,,8.0,5.0,,,6.0,13.0,17.0,14.0,,,,10.0,,15.0,,12.0,,18.0
2021-11-29,4.0,17.0,,10.0,7.0,3.0,8.0,19.0,2.0,,1.0,,9.0,6.0,,,5.0,11.0,16.0,14.0,,,,12.0,,15.0,,13.0,,18.0
2021-11-30,3.0,15.0,,10.0,7.0,4.0,8.0,19.0,2.0,,1.0,,9.0,6.0,,,5.0,14.0,18.0,12.0,,,,11.0,,16.0,,13.0,,17.0
2021-12-01,4.0,16.0,,9.0,6.0,7.0,8.0,19.0,2.0,,1.0,,10.0,5.0,,,3.0,14.0,18.0,11.0,,,,13.0,,15.0,,12.0,,17.0
2021-12-02,2.0,16.0,,10.0,6.0,5.0,8.0,17.0,3.0,,1.0,,9.0,4.0,,,7.0,13.0,19.0,12.0,,,,14.0,,15.0,,11.0,,18.0
2021-12-03,4.0,15.0,,8.0,6.0,5.0,7.0,17.0,2.0,,1.0,,9.0,3.0,,,10.0,12.0,18.0,13.0,,,,14.0,,16.0,,11.0,,19.0
2021-12-06,2.0,13.0,,8.0,7.0,5.0,6.0,16.0,4.0,,1.0,,9.0,3.0,,,12.0,11.0,19.0,15.0,,,,14.0,,17.0,,10.0,,18.0
2021-12-07,3.0,13.0,,7.0,11.0,5.0,6.0,16.0,4.0,,1.0,,8.0,2.0,,,14.0,9.0,19.0,17.0,,,,12.0,,15.0,,10.0,,18.0
2021-12-08,3.0,14.0,,7.0,12.0,5.0,6.0,16.0,2.0,,1.0,,8.0,4.0,,,11.0,9.0,18.0,19.0,,,,13.0,,15.0,,10.0,,17.0
2021-12-09,4.0,15.0,,8.0,12.0,2.0,5.0,13.0,3.0,,1.0,,7.0,6.0,,,11.0,9.0,18.0,19.0,,,,14.0,,16.0,,10.0,,17.0
2021-12-10,4.0,15.0,,12.0,11.0,2.0,6.0,14.0,3.0,,1.0,,7.0,5.0,,,10.0,8.0,18.0,19.0,,,,13.0,,16.0,,9.0,,17.0
2021-12-13,3.0,15.0,,10.0,12.0,2.0,6.0,14.0,4.0,,1.0,,7.0,5.0,,,11.0,8.0,18.0,19.0,,,,13.0,,16.0,,9.0,,17.0
2021-12-14,4.0,15.0,,10.0,13.0,2.0,8.0,14.0,3.0,,1.0,,7.0,6.0,,,11.0,5.0,17.0,19.0,,,,12.0,,16.0,,9.0,,18.0
2021-12-15,3.0,16.0,,11.0,13.0,4.0,6.0,14.0,2.0,,1.0,,9.0,8.0,,,7.0,5.0,15.0,19.0,,,,12.0,,17.0,,10.0,,18.0
2021-12-16,4.0,14.0,,9.0,12.0,3.0,6.0,15.0,2.0,,1.0,,7.0,16.0,,,8.0,5.0,13.0,19.0,,,,10.0,,17.0,,11.0,,18.0
2021-12-17,4.0,14.0,,9.0,13.0,3.0,7.0,15.0,2.0,,1.0,,8.0,17.0,,,6.0,5.0,12.0,19.0,,,,11.0,,16.0,,10.0,,18.0
2021-12-20,3.0,14.0,,12.0,13.0,4.0,7.0,16.0,2.0,,1.0,,11.0,17.0,,,6.0,5.0,8.0,19.0,,,,10.0,,15.0,,9.0,,18.0
2021-12-21,4.0,15.0,,12.0,13.0,5.0,7.0,14.0,2.0,,1.0,,10.0,16.0,,,8.0,3.0,11.0,19.0,,,,6.0,,17.0,,9.0,,18.0
2021-12-22,4.0,14.0,,8.0,15.0,3.0,7.0,13.0,2.0,,1.0,,10.0,16.0,,,9.0,5.0,12.0,19.0,,,,6.0,,17.0,,11.0,,18.0
2021-12-23,4.0,15.0,,8.0,14.0,3.0,7.0,13.0,2.0,,1.0,,11.0,16.0,,,9.0,5.0,12.0,19.0,,,,6.0,,17.0,,10.0,,18.0
2021-12-24,3.0,13.0,,9.0,14.0,4.0,7.0,15.0,2.0,,1.0,,11.0,16.0,,,8.0,5.0,12.0,19.0,,,,6.0,,17.0,,10.0,,18.0
2021-12-27,3.0,15.0,,9.0,16.0,4.0,7.0,14.0,2.0,,1.0,,11.0,13.0,,,8.0,5.0,12.0,19.0,,,,6.0,,17.0,,10.0,,18.0
2021-12-28,2.0,14.0,,9.0,15.0,4.0,6.0,13.0,3.0,,1.0,,11.0,16.0,,,10.0,5.0,12.0,18.0,,,,7.0,,19.0,,8.0,,17.0
2021-12-29,2.0,14.0,,8.0,15.0,4.0,7.0,12.0,5.0,,1.0,,11.0,16.0,,,10.0,3.0,13.0,19.0,,,,6.0,,18.0,,9.0,,17.0
2021-12-30,2.0,13.0,,8.0,16.0,3.0,6.0,12.0,4.0,,1.0,,11.0,15.0,,,9.0,7.0,14.0,18.0,,,,5.0,,19.0,,10.0,,17.0
2021-12-31,3.0,13.0,,8.0,16.0,5.0,7.0,11.0,4.0,,1.0,,10.0,15.0,,,9.0,6.0,14.0,19.0,,,,2.0,,18.0,,12.0,,17.0
2022-01-03,3.0,12.0,,7.0,16.0,6.0,8.0,10.0,4.0,,1.0,,11.0,15.0,,,9.0,5.0,14.0,17.0,,,,2.0,,19.0,,13.0,,18.0
2022-01-04,5.0,12.0,,9.0,15.0,6.0,8.0,11.0,4.0,,1.0,,10.0,16.0,,,7.0,3.0,14.0,17.0,,,,2.0,,19.0,,13.0,,18.0
2022-01-05,5.0,13.0,,8.0,12.0,6.0,9.0,11.0,4.0,,3.0,,10.0,17.0,,,7.0,2.0,14.0,16.0,,,,1.0,,19.0,,15.0,,18.0
2022-01-06,5.0,13.0,,8.0,15.0,6.0,10.0,9.0,3.0,,4.0,,11.0,16.0,,,7.0,2.0,12.0,17.0,,,,1.0,,19.0,,14.0,,18.0
2022-01-07,5.0,13.0,,7.0,16.0,6.0,11.0,9.0,4.0,,3.0,,10.0,15.0,,,8.0,2.0,14.0,17.0,,,,1.0,,19.0,,12.0,,18.0
2022-01-10,6.0,13.0,,7.0,17.0,5.0,11.0,9.0,4.0,,2.0,,10.0,15.0,,,8.0,3.0,14.0,16.0,,,,1.0,,19.0,,12.0,,18.0
2022-01-11,6.0,14.0,,7.0,16.0,5.0,11.0,9.0,4.0,,3.0,,10.0,15.0,,,8.0,2.0,13.0,17.0,,,,1.0,,18.0,,12.0,,19.0
2022-01-12,6.0,15.0,,7.0,17.0,5.0,14.0,10.0,3.0,,4.0,,9.0,16.0,,,8.0,1.0,13.0,11.0,,,,2.0,,18.0,,12.0,,19.0
2022-01-13,5.0,14.0,,7.0,17.0,8.0,15.0,12.0,4.0,,3.0,,9.0,16.0,,,6.0,1.0,10.0,11.0,,,,2.0,,18.0,,13.0,,19.0
2022-01-14,6.0,14.0,,8.0,17.0,7.0,15.0,12.0,4.0,,3.0,,9.0,16.0,,,5.0,1.0,10.0,11.0,,,,2.0,,18.0,,13.0,,19.0
2022-01-17,6.0,15.0,,8.0,17.0,7.0,16.0,12.0,4.0,,3.0,,9.0,14.0,,,5.0,1.0,11.0,10.0,,,,2.0,,18.0,,13.0,,19.0
2022-01-18,8.0,14.0,,7.0,16.0,5.0,17.0,13.0,3.0,,4.0,,11.0,15.0,,,6.0,1.0,9.0,12.0,,,,2.0,,18.0,,10.0,,19.0
2022-01-19,8.0,13.0,,7.0,15.0,4.0,17.0,11.0,3.0,,5.0,,12.0,16.0,,,6.0,1.0,10.0,9.0,,,,2.0,,18.0,,14.0,,19.0
2022-01-20,8.0,12.0,,7.0,15.0,5.0,17.0,11.0,3.0,,4.0,,16.0,14.0,,,6.0,1.0,10.0,9.0,,,,2.0,,18.0,,13.0,,19.0
2022-01-21,7.0,13.0,,8.0,12.0,3.0,16.0,14.0,4.0,,5.0,,17.0,15.0,,,6.0,1.0,11.0,9.0,,,,2.0,,18.0,,10.0,,19.0
2022-01-24,7.0,12.0,,8.0,9.0,3.0,17.0,14.0,4.0,,5.0,,16.0,19.0,,,6.0,1.0,10.0,11.0,,,,2.0,,15.0,,13.0,,18.0
2022-01-25,7.0,12.0,,8.0,10.0,3.0,16.0,13.0,4.0,,6.0,,17.0,19.0,,,5.0,1.0,11.0,9.0,,,,2.0,,15.0,,14.0,,18.0
2022-01-27,6.0,14.0,,10.0,9.0,3.0,17.0,12.0,4.0,,5.0,,16.0,19.0,,,7.0,1.0,11.0,8.0,,,,2.0,,15.0,,13.0,,18.0
2022-01-28,5.0,13.0,,7.0,8.0,3.0,17.0,12.0,4.0,,10.0,,16.0,18.0,,,6.0,1.0,11.0,9.0,,,,2.0,,14.0,,15.0,,19.0
2022-01-31,5.0,13.0,,10.0,8.0,3.0,17.0,12.0,4.0,,7.0,,14.0,19.0,,,6.0,1.0,11.0,9.0,,,,2.0,,15.0,,16.0,,18.0
2022-02-01,7.0,13.0,,11.0,5.0,4.0,19.0,12.0,3.0,,9.0,,15.0,17.0,,,6.0,1.0,10.0,8.0,,,,2.0,,14.0,,16.0,,18.0
2022-02-02,7.0,13.0,,11.0,5.0,4.0,19.0,12.0,3.0,,10.0,,17.0,16.0,,,6.0,1.0,9.0,8.0,,,,2.0,,14.0,,15.0,,18.0
2022-02-03,6.0,13.0,,12.0,5.0,3.0,19.0,10.0,4.0,,9.0,,15.0,14.0,,,7.0,1.0,11.0,8.0,,,,2.0,,17.0,,16.0,,18.0
2022-02-04,9.0,13.0,,11.0,7.0,3.0,18.0,10.0,4.0,,8.0,,15.0,14.0,,,5.0,1.0,12.0,6.0,,,,2.0,,16.0,,17.0,,19.0
2022-02-07,8.0,13.0,,10.0,7.0,4.0,18.0,11.0,3.0,,9.0,,15.0,16.0,,,6.0,1.0,12.0,5.0,,,,2.0,,14.0,,17.0,,19.0
2022-02-08,8.0,12.0,,10.0,6.0,4.0,18.0,15.0,3.0,,9.0,,13.0,16.0,,,7.0,1.0,11.0,5.0,,,,2.0,,14.0,,17.0,,19.0
2022-02-09,9.0,13.0,,10.0,7.0,4.0,16.0,14.0,3.0,,8.0,,12.0,17.0,,,5.0,1.0,11.0,6.0,,,,2.0,,15.0,,18.0,,19.0
2022-02-10,10.0,14.0,,9.0,7.0,5.0,17.0,12.0,3.0,,8.0,,13.0,15.0,,,6.0,1.0,11.0,4.0,,,,2.0,,16.0,,18.0,,19.0
2022-02-11,10.0,15.0,,9.0,7.0,5.0,18.0,12.0,4.0,,8.0,,13.0,14.0,,,6.0,1.0,11.0,2.0,,,,3.0,,16.0,,17.0,,19.0
2022-02-14,10.0,16.0,,8.0,7.0,5.0,19.0,12.0,4.0,,9.0,,13.0,14.0,,,6.0,1.0,11.0,3.0,,,,2.0,,15.0,,17.0,,18.0
2022-02-15,9.0,16.0,,8.0,7.0,6.0,19.0,12.0,4.0,,10.0,,14.0,13.0,,,5.0,1.0,11.0,3.0,,,,2.0,,15.0,,17.0,,18.0
2022-02-16,8.0,15.0,,9.0,7.0,6.0,17.0,12.0,4.0,,13.0,,14.0,11.0,,,5.0,1.0,10.0,2.0,,,,3.0,,16.0,,18.0,,19.0
2022-02-17,11.0,15.0,,10.0,7.0,6.0,17.0,12.0,4.0,,13.0,,14.0,9.0,,,5.0,1.0,8.0,2.0,,,,3.0,,16.0,,18.0,,19.0
2022-02-18,10.0,15.0,,12.0,5.0,7.0,18.0,13.0,4.0,,11.0,,14.0,8.0,,,6.0,1.0,9.0,2.0,,,,3.0,,16.0,,19.0,,17.0
2022-02-21,11.0,14.0,,12.0,5.0,6.0,19.0,13.0,4.0,,10.0,,15.0,8.0,,,7.0,1.0,9.0,2.0,,,,3.0,,16.0,,18.0,,17.0
2022-02-22,11.0,15.0,,12.0,5.0,6.0,18.0,9.0,4.0,,13.0,,14.0,8.0,,,7.0,1.0,10.0,2.0,,,,3.0,,16.0,,19.0,,17.0
2022-02-23,13.0,15.0,,12.0,5.0,6.0,16.0,9.0,4.0,,11.0,,14.0,8.0,,,7.0,1.0,10.0,2.0,,,,3.0,,17.0,,19.0,,18.0
2022-02-24,8.0,14.0,,11.0,5.0,6.0,16.0,12.0,4.0,,9.0,,15.0,10.0,,,7.0,1.0,13.0,3.0,,,,2.0,,18.0,,19.0,,17.0
2022-02-25,9.0,14.0,,8.0,6.0,5.0,15.0,12.0,4.0,,10.0,,16.0,11.0,,,7.0,1.0,13.0,2.0,,,,3.0,,18.0,,19.0,,17.0
2022-02-28,8.0,14.0,,10.0,6.0,5.0,15.0,12.0,4.0,,9.0,,16.0,11.0,,,7.0,1.0,13.0,3.0,,,,2.0,,18.0,,19.0,,17.0
2022-03-02,10.0,14.0,,12.0,6.0,5.0,15.0,13.0,3.0,,8.0,,16.0,9.0,,,7.0,1.0,11.0,2.0,,,,4.0,,18.0,,19.0,,17.0
2022-03-03,12.0,15.0,,11.0,5.0,6.0,14.0,9.0,2.0,,8.0,,17.0,13.0,,,7.0,1.0,10.0,4.0,,,,3.0,,18.0,,19.0,,16.0
2022-03-04,9.0,17.0,,11.0,6.0,5.0,14.0,8.0,2.0,,13.0,,15.0,12.0,,,7.0,1.0,10.0,4.0,,,,3.0,,18.0,,19.0,,16.0
2022-03-07,8.0,16.0,,12.0,6.0,4.0,11.0,9.0,3.0,,13.0,,18.0,14.0,,,7.0,1.0,10.0,5.0,,,,2.0,,17.0,,19.0,,15.0
2022-03-08,8.0,16.0,,11.0,6.0,4.0,12.0,9.0,3.0,,14.0,,17.0,13.0,,,7.0,1.0,10.0,5.0,,,,2.0,,19.0,,18.0,,15.0
2022-03-09,10.0,16.0,,11.0,6.0,5.0,12.0,8.0,3.0,,14.0,,17.0,13.0,,,7.0,1.0,9.0,4.0,,,,2.0,,18.0,,19.0,,15.0
2022-03-10,9.0,18.0,,12.0,7.0,5.0,14.0,11.0,4.0,,13.0,,17.0,10.0,,,6.0,1.0,8.0,3.0,,,,2.0,,16.0,,19.0,,15.0
2022-03-11,9.0,18.0,,11.0,7.0,5.0,15.0,12.0,2.0,,14.0,,16.0,10.0,,,6.0,1.0,8.0,4.0,,,,3.0,,17.0,,19.0,,13.0
2022-03-14,14.0,18.0,,9.0,7.0,6.0,17.0,10.0,2.0,,13.0,,15.0,11.0,,,5.0,1.0,8.0,4.0,,,,3.0,,19.0,,16.0,,12.0
2022-03-15,11.0,18.0,,9.0,7.0,5.0,17.0,10.0,2.0,,13.0,,15.0,19.0,,,6.0,1.0,8.0,3.0,,,,4.0,,16.0,,14.0,,12.0
2022-03-16,12.0,19.0,,11.0,7.0,6.0,17.0,9.0,2.0,,10.0,,14.0,18.0,,,5.0,1.0,8.0,3.0,,,,4.0,,16.0,,15.0,,13.0
2022-03-17,12.0,19.0,,11.0,7.0,6.0,17.0,10.0,2.0,,8.0,,15.0,16.0,,,5.0,1.0,9.0,3.0,,,,4.0,,18.0,,14.0,,13.0
2022-03-21,8.0,18.0,,9.0,11.0,6.0,17.0,12.0,2.0,,7.0,,15.0,19.0,,,5.0,1.0,10.0,3.0,,,,4.0,,16.0,,14.0,,13.0
2022-03-22,10.0,19.0,,8.0,12.0,6.0,17.0,7.0,2.0,,9.0,,15.0,18.0,,,4.0,1.0,11.0,5.0,,,,3.0,,16.0,,14.0,,13.0
2022-03-23,7.0,19.0,,9.0,12.0,6.0,18.0,8.0,2.0,,10.0,,14.0,15.0,,,5.0,1.0,11.0,3.0,,,,4.0,,17.0,,16.0,,13.0
2022-03-24,7.0,18.0,,9.0,13.0,6.0,19.0,10.0,2.0,,8.0,,14.0,16.0,,,4.0,1.0,11.0,3.0,,,,5.0,,17.0,,12.0,,15.0
2022-03-25,7.0,18.0,,8.0,12.0,6.0,19.0,10.0,3.0,,11.0,,15.0,17.0,,,4.0,1.0,9.0,2.0,,,,5.0,,16.0,,14.0,,13.0
2022-03-28,7.0,18.0,,8.0,15.0,6.0,19.0,10.0,3.0,,12.0,,14.0,17.0,,,4.0,1.0,9.0,2.0,,,,5.0,,16.0,,13.0,,11.0
2022-03-29,7.0,19.0,,9.0,12.0,6.0,18.0,10.0,3.0,,13.0,,11.0,17.0,,,4.0,2.0,8.0,1.0,,,,5.0,,16.0,,15.0,,14.0
2022-03-30,7.0,19.0,,9.0,10.0,6.0,17.0,11.0,3.0,,13.0,,12.0,15.0,,,4.0,2.0,8.0,1.0,,,,5.0,,18.0,,16.0,,14.0
2022-03-31,7.0,19.0,,9.0,10.0,5.0,17.0,11.0,4.0,,14.0,,13.0,12.0,,,3.0,2.0,8.0,1.0,,,,6.0,,16.0,,18.0,,15.0
2022-04-01,7.0,18.0,,9.0,11.0,6.0,15.0,10.0,4.0,,13.0,,12.0,14.0,,,3.0,2.0,8.0,1.0,,,,5.0,,17.0,,19.0,,16.0
2022-04-04,8.0,18.0,,9.0,11.0,6.0,17.0,10.0,4.0,,13.0,,12.0,14.0,,,3.0,2.0,7.0,1.0,,,,5.0,,16.0,,19.0,,15.0
2022-04-05,8.0,17.0,,9.0,11.0,5.0,18.0,10.0,4.0,,13.0,,12.0,14.0,,,3.0,2.0,7.0,1.0,,,,6.0,,15.0,,19.0,,16.0
2022-04-06,8.0,17.0,,12.0,11.0,5.0,18.0,9.0,4.0,,13.0,,10.0,14.0,,,3.0,2.0,6.0,1.0,,,,7.0,,15.0,,19.0,,16.0
2022-04-07,6.0,17.0,,13.0,12.0,5.0,18.0,9.0,4.0,,10.0,,11.0,16.0,,,3.0,2.0,7.0,1.0,,,,8.0,,14.0,,19.0,,15.0
2022-04-08,6.0,17.0,,13.0,12.0,5.0,18.0,9.0,4.0,,11.0,,10.0,15.0,,,3.0,2.0,8.0,1.0,,,,7.0,,14.0,,19.0,,16.0
2022-04-11,7.0,17.0,,14.0,12.0,4.0,18.0,9.0,5.0,,11.0,,10.0,16.0,,,3.0,2.0,6.0,1.0,,,,8.0,,13.0,,19.0,,15.0
2022-04-12,7.0,17.0,,15.0,13.0,4.0,18.0,8.0,5.0,,11.0,,10.0,16.0,,,3.0,1.0,6.0,2.0,,,,9.0,,12.0,,19.0,,14.0
2022-04-13,5.0,16.0,,15.0,13.0,4.0,18.0,8.0,7.0,,11.0,19.0,10.0,17.0,,,3.0,1.0,6.0,2.0,,,,9.0,,12.0,,20.0,,14.0
2022-04-18,6.0,16.0,,15.0,14.0,4.0,18.0,8.0,7.0,,11.0,19.0,10.0,17.0,,,3.0,1.0,5.0,2.0,,,,9.0,,12.0,,20.0,,13.0
2022-04-19,5.0,17.0,,15.0,13.0,4.0,18.0,9.0,6.0,,12.0,19.0,11.0,16.0,,,3.0,1.0,7.0,2.0,,,,8.0,,10.0,,20.0,,14.0
2022-04-20,5.0,17.0,,15.0,16.0,4.0,19.0,8.0,6.0,,12.0,20.0,10.0,13.0,,,3.0,1.0,9.0,2.0,,,,7.0,,11.0,,18.0,,14.0
2022-04-21,8.0,18.0,,16.0,15.0,4.0,17.0,7.0,5.0,,12.0,20.0,10.0,13.0,,,3.0,1.0,9.0,2.0,,,,6.0,,11.0,,19.0,,14.0
2022-04-22,8.0,20.0,,16.0,17.0,4.0,15.0,9.0,5.0,,12.0,19.0,10.0,13.0,,,3.0,1.0,6.0,2.0,,,,7.0,,11.0,,18.0,,14.0
2022-04-25,9.0,20.0,,14.0,17.0,4.0,16.0,5.0,7.0,,11.0,18.0,10.0,12.0,,,3.0,1.0,8.0,2.0,,,,6.0,,13.0,,19.0,,15.0
2022-04-26,13.0,20.0,,15.0,17.0,8.0,16.0,5.0,6.0,,10.0,18.0,9.0,12.0,,,3.0,1.0,4.0,2.0,,,,7.0,,11.0,,19.0,,14.0
2022-04-27,10.0,20.0,,15.0,17.0,7.0,16.0,4.0,6.0,,11.0,18.0,9.0,12.0,,,3.0,2.0,5.0,1.0,,,,8.0,,13.0,,19.0,,14.0
2022-04-28,10.0,20.0,,15.0,17.0,8.0,16.0,4.0,7.0,,11.0,18.0,9.0,12.0,,,3.0,2.0,5.0,1.0,,,,6.0,,13.0,,19.0,,14.0
2022-04-29,8.0,20.0,,15.0,19.0,7.0,16.0,4.0,9.0,,11.0,17.0,10.0,13.0,,,3.0,2.0,5.0,1.0,,,,6.0,,12.0,,18.0,,14.0
2022-05-02,7.0,20.0,,17.0,19.0,9.0,18.0,4.0,8.0,,11.0,16.0,10.0,13.0,,,3.0,2.0,5.0,1.0,,,,6.0,,12.0,,15.0,,14.0
2022-05-04,8.0,20.0,,15.0,18.0,10.0,16.0,5.0,7.0,,11.0,19.0,9.0,13.0,,,3.0,2.0,4.0,1.0,,,,6.0,,12.0,,17.0,,14.0
2022-05-05,7.0,20.0,,15.0,19.0,9.0,17.0,5.0,8.0,,10.0,18.0,11.0,13.0,,,3.0,2.0,4.0,1.0,,,,6.0,,12.0,,16.0,,14.0
2022-05-06,6.0,20.0,,16.0,18.0,5.0,15.0,7.0,9.0,,12.0,19.0,11.0,14.0,,,3.0,2.0,4.0,1.0,,,,8.0,,10.0,,17.0,,13.0
2022-05-09,6.0,20.0,,16.0,17.0,5.0,15.0,8.0,11.0,,13.0,19.0,9.0,14.0,,,3.0,2.0,4.0,1.0,,,,7.0,,10.0,,18.0,,12.0
2022-05-10,6.0,20.0,,17.0,14.0,5.0,15.0,8.0,11.0,,13.0,18.0,10.0,16.0,,,3.0,2.0,4.0,1.0,,,,7.0,,9.0,,19.0,,12.0
2022-05-11,6.0,20.0,,16.0,15.0,4.0,14.0,7.0,11.0,,13.0,18.0,10.0,19.0,,,3.0,2.0,5.0,1.0,,,,8.0,,9.0,,17.0,,12.0
2022-05-12,7.0,20.0,,16.0,17.0,4.0,13.0,8.0,11.0,,14.0,18.0,10.0,19.0,,,3.0,2.0,5.0,1.0,,,,9.0,,6.0,,15.0,,12.0
2022-05-13,8.0,20.0,,16.0,18.0,4.0,13.0,9.0,10.0,,14.0,17.0,11.0,19.0,,,3.0,2.0,5.0,1.0,,,,7.0,,6.0,,15.0,,12.0
2022-05-16,6.0,20.0,,16.0,15.0,4.0,13.0,11.0,8.0,,14.0,18.0,10.0,19.0,,,3.0,2.0,5.0,1.0,,,,9.0,,7.0,,17.0,,12.0
2022-05-17,6.0,20.0,,15.0,17.0,4.0,12.0,9.0,10.0,,14.0,19.0,11.0,18.0,,,3.0,2.0,5.0,1.0,,,,7.0,,8.0,,16.0,,13.0
2022-05-18,5.0,20.0,,15.0,16.0,4.0,11.0,8.0,9.0,,14.0,19.0,12.0,18.0,,,3.0,2.0,6.0,1.0,,,,7.0,,10.0,,17.0,,13.0
2022-05-19,5.0,20.0,,17.0,16.0,4.0,10.0,8.0,9.0,,14.0,18.0,11.0,19.0,,,3.0,2.0,6.0,1.0,,,,12.0,,7.0,,15.0,,13.0
2022-05-20,6.0,20.0,,16.0,17.0,4.0,11.0,9.0,8.0,,14.0,19.0,10.0,18.0,,,3.0,2.0,5.0,1.0,,,,12.0,,7.0,,15.0,,13.0
2022-05-23,5.0,20.0,,18.0,17.0,4.0,11.0,9.0,8.0,,12.0,19.0,10.0,15.0,,,3.0,2.0,6.0,1.0,,,,13.0,,7.0,,16.0,,14.0
2022-05-24,7.0,20.0,,18.0,17.0,4.0,11.0,8.0,9.0,,12.0,19.0,10.0,15.0,,,3.0,2.0,5.0,1.0,,,,13.0,,6.0,,16.0,,14.0
2022-05-25,7.0,20.0,,15.0,18.0,4.0,11.0,9.0,8.0,,12.0,19.0,10.0,13.0,,,3.0,2.0,6.0,1.0,,,,14.0,,5.0,,16.0,,17.0
2022-05-26,7.0,20.0,,17.0,18.0,5.0,11.0,9.0,10.0,,12.0,19.0,8.0,13.0,,,3.0,2.0,6.0,1.0,,,,16.0,,4.0,,14.0,,15.0
2022-05-27,6.0,20.0,,15.0,18.0,5.0,10.0,7.0,8.0,,12.0,19.0,9.0,13.0,,,3.0,2.0,11.0,1.0,,,,16.0,,4.0,,14.0,,17.0
2022-05-30,6.0,19.0,,14.0,18.0,4.0,11.0,7.0,8.0,,15.0,20.0,10.0,12.0,,,3.0,2.0,9.0,1.0,,,,13.0,,5.0,,17.0,,16.0
2022-05-31,8.0,19.0,,17.0,16.0,5.0,13.0,11.0,6.0,,9.0,20.0,10.0,12.0,,,3.0,2.0,7.0,1.0,,,,15.0,,4.0,,18.0,,14.0
2022-06-01,6.0,17.0,,18.0,19.0,5.0,14.0,12.0,7.0,,9.0,20.0,11.0,10.0,,,3.0,2.0,8.0,1.0,,,,13.0,,4.0,,16.0,,15.0
2022-06-02,9.0,17.0,,18.0,19.0,5.0,12.0,13.0,8.0,,6.0,20.0,11.0,10.0,,,3.0,2.0,7.0,1.0,,,,14.0,,4.0,,16.0,,15.0
2022-06-03,7.0,16.0,,18.0,19.0,6.0,12.0,13.0,9.0,,5.0,20.0,11.0,10.0,,,3.0,2.0,8.0,1.0,,,,14.0,,4.0,,17.0,,15.0
2022-06-06,8.0,16.0,,19.0,18.0,5.0,12.0,13.0,6.0,,7.0,20.0,11.0,10.0,,,3.0,2.0,9.0,1.0,,,,14.0,,4.0,,17.0,,15.0
2022-06-07,6.0,16.0,,19.0,18.0,5.0,12.0,14.0,7.0,,9.0,20.0,11.0,10.0,,,3.0,2.0,8.0,1.0,,,,13.0,,4.0,,17.0,,15.0
2022-06-08,7.0,17.0,,19.0,18.0,5.0,12.0,14.0,10.0,,8.0,20.0,11.0,6.0,,,2.0,3.0,9.0,1.0,,,,13.0,,4.0,,16.0,,15.0
2022-06-09,6.0,18.0,,19.0,17.0,5.0,12.0,15.0,10.0,,8.0,20.0,11.0,7.0,,,2.0,3.0,9.0,1.0,,,,13.0,,4.0,,16.0,,14.0
2022-06-10,6.0,18.0,,19.0,17.0,5.0,8.0,16.0,11.0,,7.0,20.0,9.0,12.0,,,2.0,3.0,10.0,1.0,,,,13.0,,4.0,,15.0,,14.0
2022-06-13,6.0,16.0,,19.0,17.0,5.0,7.0,18.0,10.0,,11.0,20.0,8.0,13.0,,,3.0,2.0,12.0,1.0,,,,9.0,,4.0,,15.0,,14.0
2022-06-14,6.0,16.0,,19.0,17.0,5.0,7.0,18.0,11.0,,12.0,20.0,8.0,10.0,,,3.0,2.0,9.0,1.0,,,,13.0,,4.0,,15.0,,14.0
2022-06-15,5.0,16.0,,20.0,18.0,6.0,7.0,17.0,13.0,,10.0,19.0,8.0,12.0,,,2.0,3.0,11.0,1.0,,,,9.0,,4.0,,15.0,,14.0
2022-06-16,7.0,16.0,,20.0,17.0,5.0,6.0,18.0,15.0,,12.0,19.0,8.0,9.0,,,2.0,3.0,11.0,1.0,,,,10.0,,4.0,,14.0,,13.0
2022-06-17,8.0,16.0,,20.0,17.0,5.0,6.0,18.0,15.0,,12.0,19.0,7.0,9.0,,,2.0,3.0,10.0,1.0,,,,11.0,,4.0,,13.0,,14.0
2022-06-20,8.0,16.0,,20.0,17.0,5.0,6.0,18.0,15.0,,14.0,19.0,7.0,10.0,,,3.0,2.0,9.0,1.0,,,,13.0,,4.0,,12.0,,11.0
2022-06-21,7.0,16.0,,20.0,17.0,5.0,6.0,18.0,15.0,,11.0,19.0,8.0,9.0,,,2.0,3.0,10.0,1.0,,,,12.0,,4.0,,14.0,,13.0
2022-06-22,9.0,16.0,,19.0,18.0,5.0,7.0,17.0,14.0,,11.0,20.0,8.0,6.0,,,2.0,3.0,10.0,1.0,,,,12.0,,4.0,,15.0,,13.0
2022-06-23,9.0,16.0,,20.0,18.0,5.0,7.0,17.0,14.0,,11.0,19.0,8.0,6.0,,,2.0,3.0,12.0,1.0,,,,10.0,,4.0,,15.0,,13.0
2022-06-24,9.0,16.0,,20.0,17.0,5.0,8.0,18.0,15.0,,14.0,19.0,6.0,7.0,,,3.0,2.0,11.0,1.0,,,,10.0,,4.0,,13.0,,12.0
2022-06-27,5.0,16.0,,20.0,17.0,6.0,10.0,18.0,15.0,,13.0,19.0,7.0,8.0,,,3.0,2.0,11.0,1.0,,,,9.0,,4.0,,12.0,,14.0
2022-06-28,5.0,16.0,,20.0,19.0,7.0,9.0,18.0,13.0,,14.0,17.0,6.0,8.0,,,3.0,2.0,11.0,1.0,,,,10.0,,4.0,,15.0,,12.0
2022-06-29,7.0,13.0,,20.0,17.0,5.0,8.0,19.0,14.0,,15.0,18.0,6.0,10.0,,,3.0,2.0,11.0,1.0,,,,9.0,,4.0,,16.0,,12.0
2022-06-30,5.0,15.0,,20.0,17.0,6.0,9.0,19.0,14.0,,13.0,18.0,7.0,11.0,,,3.0,2.0,12.0,1.0,,,,8.0,,4.0,,16.0,,10.0
2022-07-01,5.0,15.0,,20.0,18.0,7.0,8.0,19.0,13.0,,14.0,17.0,6.0,10.0,,,3.0,2.0,11.0,1.0,,,,12.0,,4.0,,16.0,,9.0
2022-07-04,5.0,15.0,,20.0,18.0,6.0,8.0,19.0,10.0,,14.0,17.0,7.0,9.0,,,3.0,2.0,12.0,1.0,,,,13.0,,4.0,,16.0,,11.0
2022-07-05,5.0,14.0,,20.0,18.0,6.0,9.0,19.0,13.0,,15.0,17.0,7.0,8.0,,,3.0,2.0,11.0,1.0,,,,12.0,,4.0,,16.0,,10.0
2022-07-06,6.0,14.0,,20.0,18.0,5.0,7.0,19.0,12.0,,13.0,17.0,8.0,9.0,,,3.0,2.0,10.0,1.0,,,,15.0,,4.0,,16.0,,11.0
2022-07-07,6.0,13.0,,20.0,18.0,5.0,7.0,19.0,14.0,,12.0,16.0,9.0,8.0,,,3.0,2.0,11.0,1.0,,,,17.0,,4.0,,15.0,,10.0
2022-07-08,6.0,12.0,,18.0,20.0,5.0,7.0,19.0,14.0,,13.0,16.0,9.0,8.0,,,3.0,2.0,11.0,1.0,,,,17.0,,4.0,,15.0,,10.0
2022-07-11,6.0,12.0,,18.0,19.0,5.0,7.0,20.0,14.0,,13.0,17.0,8.0,10.0,,,3.0,2.0,9.0,1.0,,,,16.0,,4.0,,15.0,,11.0
2022-07-12,6.0,12.0,,18.0,19.0,5.0,7.0,20.0,13.0,,14.0,16.0,9.0,11.0,,,3.0,2.0,8.0,1.0,,,,15.0,,4.0,,17.0,,10.0
2022-07-13,7.0,12.0,,20.0,18.0,5.0,6.0,19.0,13.0,,14.0,17.0,10.0,11.0,,,3.0,2.0,9.0,1.0,,,,15.0,,4.0,,16.0,,8.0
2022-07-14,7.0,12.0,,20.0,18.0,5.0,6.0,19.0,13.0,,14.0,16.0,9.0,10.0,,,3.0,2.0,11.0,1.0,,,,17.0,,4.0,,15.0,,8.0
2022-07-15,7.0,12.0,,20.0,18.0,5.0,6.0,19.0,13.0,,14.0,16.0,10.0,11.0,,,2.0,3.0,9.0,1.0,,,,17.0,,4.0,,15.0,,8.0
2022-07-18,7.0,12.0,,20.0,19.0,5.0,6.0,18.0,13.0,,15.0,17.0,9.0,11.0,,,2.0,4.0,10.0,1.0,,,,16.0,,3.0,,14.0,,8.0
2022-07-19,8.0,12.0,,20.0,16.0,6.0,5.0,19.0,13.0,,15.0,17.0,11.0,10.0,,,2.0,4.0,9.0,1.0,,,,18.0,,3.0,,14.0,,7.0
2022-07-20,7.0,12.0,,20.0,15.0,6.0,4.0,18.0,13.0,,16.0,17.0,11.0,10.0,,,2.0,5.0,9.0,1.0,,,,19.0,,3.0,,14.0,,8.0
2022-07-21,7.0,12.0,,19.0,16.0,4.0,5.0,17.0,13.0,,15.0,18.0,10.0,11.0,,,2.0,6.0,9.0,1.0,,,,20.0,,3.0,,14.0,,8.0
2022-07-22,7.0,12.0,,20.0,18.0,5.0,4.0,16.0,14.0,,15.0,17.0,9.0,11.0,,,2.0,6.0,8.0,1.0,,,,19.0,,3.0,,13.0,,10.0
2022-07-25,8.0,12.0,,20.0,17.0,5.0,4.0,16.0,14.0,,15.0,18.0,10.0,9.0,,,2.0,6.0,7.0,1.0,,,,19.0,,3.0,,13.0,,11.0
2022-07-26,8.0,12.0,,20.0,17.0,4.0,5.0,16.0,13.0,,15.0,18.0,9.0,11.0,,,2.0,6.0,7.0,1.0,,,,19.0,,3.0,,14.0,,10.0
2022-07-27,8.0,12.0,,20.0,19.0,6.0,4.0,15.0,13.0,,14.0,18.0,10.0,9.0,,,2.0,5.0,7.0,1.0,,,,17.0,,3.0,,16.0,,11.0
2022-07-28,8.0,13.0,,20.0,17.0,5.0,4.0,15.0,14.0,,12.0,18.0,10.0,11.0,,,2.0,6.0,7.0,1.0,,,,19.0,,3.0,,16.0,,9.0
2022-07-29,7.0,13.0,,20.0,18.0,5.0,4.0,15.0,14.0,,12.0,19.0,9.0,11.0,,,2.0,6.0,8.0,1.0,,,,16.0,,3.0,,17.0,,10.0
2022-08-01,8.0,14.0,,20.0,19.0,5.0,4.0,15.0,13.0,,12.0,18.0,10.0,11.0,,,2.0,6.0,7.0,1.0,,,,16.0,,3.0,,17.0,,9.0
2022-08-02,9.0,15.0,,20.0,19.0,6.0,4.0,14.0,13.0,,12.0,18.0,11.0,10.0,,,2.0,5.0,7.0,1.0,,,,17.0,,3.0,,16.0,,8.0
2022-08-03,8.0,14.0,,19.0,20.0,5.0,3.0,16.0,13.0,,12.0,18.0,11.0,10.0,,,2.0,6.0,7.0,1.0,,,,17.0,,4.0,,15.0,,9.0
2022-08-04,8.0,12.0,,19.0,20.0,5.0,3.0,17.0,14.0,,11.0,18.0,10.0,13.0,,,2.0,6.0,7.0,1.0,,,,16.0,,4.0,,15.0,,9.0
2022-08-05,9.0,12.0,,19.0,20.0,5.0,3.0,17.0,13.0,,11.0,18.0,10.0,14.0,,,2.0,7.0,6.0,1.0,,,,16.0,,4.0,,15.0,,8.0
2022-08-08,9.0,12.0,,19.0,20.0,5.0,3.0,17.0,13.0,,11.0,18.0,10.0,14.0,,,2.0,7.0,6.0,1.0,,,,16.0,,4.0,,15.0,,8.0
2022-08-10,10.0,14.0,,19.0,20.0,5.0,4.0,16.0,13.0,,12.0,18.0,11.0,9.0,,,2.0,7.0,6.0,1.0,,,,17.0,,3.0,,15.0,,8.0
2022-08-11,12.0,14.0,,19.0,20.0,4.0,5.0,16.0,11.0,,10.0,18.0,13.0,9.0,,,2.0,6.0,7.0,1.0,,,,15.0,,3.0,,17.0,,8.0
2022-08-12,10.0,14.0,,19.0,20.0,4.0,5.0,15.0,13.0,,12.0,18.0,11.0,9.0,,,2.0,6.0,7.0,1.0,,,,17.0,,3.0,,16.0,,8.0
2022-08-16,10.0,15.0,,19.0,20.0,4.0,5.0,16.0,12.0,,13.0,18.0,11.0,8.0,,,2.0,6.0,7.0,1.0,,,,14.0,,3.0,,17.0,,9.0
2022-08-17,10.0,15.0,,19.0,20.0,4.0,5.0,16.0,13.0,,12.0,18.0,11.0,7.0,,,2.0,6.0,8.0,1.0,,,,14.0,,3.0,,17.0,,9.0
2022-08-18,10.0,15.0,,19.0,20.0,4.0,7.0,16.0,12.0,,11.0,18.0,9.0,8.0,,,2.0,5.0,6.0,1.0,,,,14.0,,3.0,,17.0,,13.0
2022-08-19,8.0,14.0,,19.0,20.0,3.0,7.0,16.0,15.0,,11.0,18.0,9.0,10.0,,,2.0,5.0,6.0,1.0,,,,12.0,,4.0,,17.0,,13.0
2022-08-22,9.0,13.0,,19.0,20.0,3.0,7.0,17.0,15.0,,11.0,18.0,10.0,12.0,,,2.0,5.0,6.0,1.0,,,,8.0,,4.0,,16.0,,14.0
2022-08-23,9.0,15.0,,19.0,20.0,3.0,7.0,16.0,12.0,,10.0,18.0,11.0,8.0,,,2.0,5.0,6.0,1.0,,,,14.0,,4.0,,17.0,,13.0
2022-08-24,13.0,14.0,,19.0,20.0,3.0,5.0,17.0,10.0,,11.0,18.0,9.0,8.0,,,2.0,7.0,6.0,1.0,,,,12.0,,4.0,,16.0,,15.0
2022-08-25,8.0,17.0,,19.0,20.0,3.0,6.0,14.0,9.0,,11.0,18.0,13.0,10.0,,,2.0,5.0,7.0,1.0,,,,12.0,,4.0,,15.0,,16.0
2022-08-26,9.0,14.0,,19.0,20.0,3.0,10.0,16.0,7.0,,8.0,18.0,13.0,11.0,,,2.0,5.0,6.0,1.0,,,,12.0,,4.0,,15.0,,17.0
2022-08-29,8.0,12.0,,19.0,20.0,3.0,10.0,16.0,9.0,,14.0,18.0,13.0,7.0,,,2.0,6.0,5.0,1.0,,,,11.0,,4.0,,15.0,,17.0
2022-08-30,13.0,15.0,,18.0,20.0,3.0,16.0,14.0,7.0,,9.0,19.0,12.0,8.0,,,2.0,5.0,6.0,1.0,,,,11.0,,4.0,,10.0,,17.0
2022-09-01,12.0,16.0,,19.0,20.0,4.0,15.0,14.0,9.0,,11.0,18.0,10.0,6.0,,,2.0,5.0,7.0,1.0,,,,13.0,,3.0,,8.0,,17.0
2022-09-02,12.0,13.0,,19.0,20.0,4.0,15.0,14.0,9.0,,11.0,18.0,10.0,5.0,,,2.0,6.0,7.0,1.0,,,,16.0,,3.0,,8.0,,17.0
2022-09-05,11.0,13.0,,19.0,20.0,4.0,17.0,14.0,10.0,,8.0,18.0,12.0,5.0,,,2.0,6.0,7.0,1.0,,,,15.0,,3.0,,9.0,,16.0
2022-09-06,9.0,14.0,,18.0,20.0,4.0,16.0,13.0,11.0,,10.0,19.0,6.0,5.0,,,2.0,7.0,8.0,1.0,,,,17.0,,3.0,,12.0,,15.0
2022-09-07,12.0,14.0,,18.0,20.0,4.0,17.0,15.0,9.0,,11.0,19.0,8.0,5.0,,,2.0,7.0,6.0,1.0,,,,16.0,,3.0,,10.0,,13.0
2022-09-08,11.0,15.0,,17.0,20.0,4.0,18.0,13.0,12.0,,6.0,19.0,9.0,5.0,,,2.0,8.0,7.0,1.0,,,,14.0,,3.0,,10.0,,16.0
2022-09-09,12.0,14.0,,17.0,20.0,4.0,18.0,13.0,10.0,,8.0,19.0,9.0,5.0,,,2.0,7.0,6.0,1.0,,,,15.0,,3.0,,11.0,,16.0
2022-09-12,10.0,14.0,,17.0,20.0,4.0,18.0,13.0,12.0,,9.0,19.0,8.0,5.0,,,2.0,7.0,6.0,1.0,,,,16.0,,3.0,,11.0,,15.0
2022-09-13,12.0,13.0,,16.0,20.0,3.0,18.0,14.0,9.0,,11.0,19.0,7.0,5.0,,,2.0,8.0,6.0,1.0,,,,17.0,,4.0,,10.0,,15.0
2022-09-14,12.0,13.0,,16.0,20.0,3.0,18.0,14.0,9.0,,10.0,19.0,6.0,5.0,,,2.0,8.0,7.0,1.0,,,,17.0,,4.0,,11.0,,15.0
2022-09-15,10.0,12.0,,18.0,20.0,3.0,17.0,13.0,9.0,,11.0,19.0,6.0,5.0,,,2.0,8.0,7.0,1.0,,,,16.0,,4.0,,15.0,,14.0
2022-09-16,9.0,10.0,,18.0,20.0,3.0,17.0,14.0,11.0,,12.0,19.0,7.0,5.0,,,2.0,8.0,6.0,1.0,,,,16.0,,4.0,,15.0,,13.0
2022-09-19,9.0,10.0,,18.0,20.0,4.0,17.0,15.0,11.0,,13.0,19.0,8.0,5.0,,,2.0,7.0,6.0,1.0,,,,14.0,,3.0,,16.0,,12.0
2022-09-20,9.0,10.0,,18.0,20.0,4.0,15.0,14.0,11.0,,13.0,19.0,7.0,5.0,,,2.0,8.0,6.0,1.0,,,,16.0,,3.0,,17.0,,12.0
2022-09-21,9.0,11.0,,19.0,20.0,4.0,15.0,14.0,10.0,,13.0,18.0,7.0,5.0,,,2.0,8.0,6.0,1.0,,,,16.0,,3.0,,17.0,,12.0
2022-09-22,10.0,11.0,,18.0,20.0,4.0,13.0,14.0,9.0,,15.0,19.0,7.0,5.0,,,2.0,8.0,6.0,1.0,,,,16.0,,3.0,,17.0,,12.0
2022-09-23,12.0,9.0,,19.0,18.0,4.0,13.0,16.0,10.0,,15.0,20.0,7.0,5.0,,,2.0,8.0,6.0,1.0,,,,14.0,,3.0,,17.0,,11.0
2022-09-26,12.0,6.0,,20.0,17.0,4.0,11.0,15.0,13.0,,18.0,19.0,8.0,5.0,,,2.0,9.0,7.0,1.0,,,,14.0,,3.0,,16.0,,10.0
2022-09-27,12.0,6.0,,20.0,16.0,3.0,8.0,17.0,13.0,,18.0,19.0,7.0,5.0,,,2.0,11.0,9.0,1.0,,,,14.0,,4.0,,15.0,,10.0
2022-09-28,12.0,6.0,,20.0,14.0,3.0,9.0,15.0,11.0,,17.0,19.0,7.0,5.0,,,2.0,13.0,10.0,1.0,,,,16.0,,4.0,,18.0,,8.0
2022-09-29,11.0,6.0,,20.0,18.0,4.0,8.0,14.0,10.0,,17.0,19.0,9.0,5.0,,,2.0,13.0,12.0,1.0,,,,16.0,,3.0,,15.0,,7.0
2022-09-30,11.0,5.0,,20.0,19.0,4.0,12.0,15.0,8.0,,17.0,18.0,9.0,6.0,,,2.0,7.0,13.0,1.0,,,,16.0,,3.0,,14.0,,10.0
2022-10-03,8.0,5.0,,20.0,18.0,4.0,12.0,15.0,9.0,,17.0,19.0,10.0,7.0,,,2.0,11.0,14.0,1.0,,,,16.0,,3.0,,13.0,,6.0
2022-10-04,10.0,5.0,,20.0,18.0,4.0,11.0,15.0,9.0,,17.0,19.0,8.0,6.0,,,2.0,12.0,14.0,1.0,,,,16.0,,3.0,,13.0,,7.0
2022-10-06,11.0,6.0,,20.0,18.0,4.0,10.0,14.0,8.0,,17.0,19.0,9.0,5.0,,,2.0,13.0,15.0,1.0,,,,16.0,,3.0,,12.0,,7.0
2022-10-07,8.0,7.0,,20.0,19.0,3.0,11.0,13.0,10.0,,17.0,18.0,9.0,5.0,,,2.0,14.0,16.0,1.0,,,,15.0,,4.0,,12.0,,6.0
2022-10-10,12.0,7.0,,20.0,19.0,4.0,10.0,13.0,11.0,,16.0,18.0,8.0,5.0,,,1.0,15.0,17.0,2.0,,,,14.0,,3.0,,9.0,,6.0
2022-10-11,11.0,7.0,,20.0,19.0,4.0,12.0,13.0,10.0,,17.0,18.0,9.0,5.0,,,1.0,14.0,15.0,2.0,,,,16.0,,3.0,,8.0,,6.0
2022-10-12,12.0,7.0,,20.0,19.0,4.0,11.0,13.0,9.0,,16.0,18.0,10.0,5.0,,,3.0,17.0,14.0,1.0,,,,15.0,,2.0,,8.0,,6.0
2022-10-13,12.0,7.0,,18.0,19.0,4.0,10.0,13.0,8.0,,16.0,17.0,11.0,5.0,,,3.0,20.0,14.0,1.0,,,,15.0,,2.0,,9.0,,6.0
2022-10-14,10.0,9.0,,19.0,17.0,3.0,12.0,14.0,6.0,,16.0,18.0,11.0,5.0,,,2.0,20.0,15.0,4.0,,,,13.0,,1.0,,7.0,,8.0
2022-10-17,10.0,8.0,,18.0,19.0,4.0,11.0,14.0,7.0,,15.0,17.0,12.0,5.0,,,3.0,20.0,13.0,1.0,,,,16.0,,2.0,,9.0,,6.0
2022-10-18,10.0,8.0,,19.0,17.0,2.0,11.0,13.0,7.0,,16.0,18.0,12.0,5.0,,,4.0,20.0,14.0,3.0,,,,15.0,,1.0,,9.0,,6.0
2022-10-19,12.0,8.0,,19.0,18.0,2.0,10.0,13.0,7.0,,16.0,17.0,9.0,5.0,,,1.0,20.0,14.0,4.0,,,,15.0,,3.0,,11.0,,6.0
2022-10-20,12.0,8.0,,20.0,17.0,2.0,9.0,13.0,7.0,,15.0,18.0,11.0,5.0,,,1.0,19.0,14.0,3.0,,,,16.0,,4.0,,10.0,,6.0
2022-10-21,11.0,8.0,,20.0,17.0,2.0,9.0,13.0,7.0,,15.0,18.0,12.0,5.0,,,1.0,19.0,16.0,4.0,,,,14.0,,3.0,,10.0,,6.0
2022-10-24,11.0,8.0,,19.0,17.0,2.0,9.0,12.0,6.0,,15.0,18.0,13.0,5.0,,,1.0,20.0,16.0,4.0,,,,14.0,,3.0,,10.0,,7.0
2022-10-25,11.0,8.0,,19.0,17.0,1.0,10.0,12.0,5.0,,16.0,18.0,13.0,6.0,,,2.0,20.0,15.0,4.0,,,,14.0,,3.0,,9.0,,7.0
2022-10-27,11.0,8.0,,19.0,17.0,1.0,10.0,12.0,4.0,,14.0,18.0,13.0,6.0,,,3.0,20.0,16.0,5.0,,,,15.0,,2.0,,9.0,,7.0
2022-10-28,10.0,7.0,,18.0,17.0,2.0,11.0,14.0,5.0,,12.0,19.0,13.0,4.0,,,1.0,20.0,16.0,9.0,,,,15.0,,3.0,,8.0,,6.0
2022-10-31,11.0,7.0,,18.0,17.0,1.0,9.0,14.0,5.0,,13.0,19.0,12.0,4.0,,,3.0,20.0,16.0,6.0,,,,15.0,,2.0,,10.0,,8.0
2022-11-01,11.0,9.0,,18.0,17.0,2.0,7.0,15.0,5.0,,13.0,19.0,12.0,4.0,,,1.0,20.0,14.0,6.0,,,,16.0,,3.0,,10.0,,8.0
2022-11-02,11.0,7.0,,18.0,17.0,1.0,9.0,14.0,5.0,,13.0,19.0,12.0,4.0,,,2.0,20.0,15.0,6.0,,,,16.0,,3.0,,10.0,,8.0
2022-11-03,11.0,8.0,,17.0,19.0,1.0,7.0,13.0,5.0,,14.0,18.0,12.0,4.0,,,2.0,20.0,15.0,6.0,,,,16.0,,3.0,,10.0,,9.0
2022-11-04,14.0,6.0,,17.0,18.0,3.0,7.0,10.0,8.0,,15.0,19.0,11.0,2.0,,,1.0,20.0,13.0,5.0,,,,16.0,,4.0,,12.0,,9.0
2022-11-07,11.0,5.0,,17.0,18.0,3.0,10.0,6.0,8.0,,14.0,19.0,12.0,2.0,,,1.0,20.0,15.0,7.0,,,,16.0,,4.0,,13.0,,9.0
2022-11-09,14.0,6.0,,17.0,18.0,4.0,10.0,7.0,9.0,,12.0,19.0,13.0,2.0,,,1.0,20.0,11.0,5.0,,,,16.0,,3.0,,15.0,,8.0
2022-11-10,14.0,6.0,,17.0,19.0,4.0,10.0,8.0,9.0,,13.0,20.0,16.0,2.0,,,1.0,18.0,11.0,5.0,,,,15.0,,3.0,,12.0,,7.0
2022-11-11,13.0,6.0,,17.0,18.0,5.0,12.0,8.0,9.0,,15.0,19.0,16.0,2.0,,,1.0,20.0,11.0,4.0,,,,10.0,,3.0,,14.0,,7.0
2022-11-14,13.0,5.0,,17.0,18.0,7.0,12.0,8.0,11.0,,14.0,19.0,15.0,2.0,,,1.0,20.0,9.0,4.0,,,,10.0,,3.0,,16.0,,6.0
2022-11-15,10.0,5.0,,19.0,18.0,7.0,12.0,9.0,13.0,,15.0,20.0,14.0,2.0,,,1.0,17.0,8.0,4.0,,,,11.0,,3.0,,16.0,,6.0
2022-11-16,11.0,5.0,,20.0,19.0,4.0,12.0,7.0,14.0,,15.0,17.0,16.0,2.0,,,1.0,18.0,10.0,9.0,,,,8.0,,3.0,,13.0,,6.0
2022-11-17,10.0,6.0,,20.0,19.0,4.0,12.0,7.0,14.0,,16.0,17.0,15.0,2.0,,,1.0,18.0,8.0,9.0,,,,13.0,,3.0,,11.0,,5.0
2022-11-18,11.0,6.0,,20.0,19.0,4.0,12.0,7.0,15.0,,16.0,17.0,14.0,2.0,,,1.0,18.0,8.0,10.0,,,,9.0,,3.0,,13.0,,5.0
2022-11-21,11.0,4.0,,18.0,19.0,5.0,15.0,7.0,10.0,,13.0,17.0,14.0,2.0,,,1.0,20.0,8.0,12.0,,,,9.0,,3.0,,16.0,,6.0
2022-11-22,9.0,6.0,,19.0,18.0,5.0,12.0,7.0,11.0,,14.0,17.0,13.0,2.0,,,1.0,20.0,10.0,16.0,,,,8.0,,3.0,,15.0,,4.0
2022-11-23,10.0,6.0,,20.0,19.0,4.0,11.0,7.0,12.0,,14.0,17.0,13.0,2.0,,,1.0,18.0,9.0,16.0,,,,8.0,,3.0,,15.0,,5.0
2022-11-24,8.0,6.0,,20.0,19.0,4.0,12.0,7.0,11.0,,15.0,18.0,13.0,2.0,,,1.0,17.0,10.0,16.0,,,,9.0,,3.0,,14.0,,5.0
2022-11-25,10.0,7.0,,19.0,20.0,5.0,13.0,3.0,11.0,,14.0,17.0,12.0,2.0,,,1.0,18.0,9.0,16.0,,,,8.0,,4.0,,15.0,,6.0
2022-11-28,9.0,5.0,,19.0,20.0,3.0,12.0,4.0,11.0,,14.0,16.0,13.0,2.0,,,1.0,18.0,10.0,17.0,,,,7.0,,8.0,,15.0,,6.0
2022-11-29,9.0,4.0,,20.0,19.0,7.0,13.0,3.0,11.0,,14.0,16.0,12.0,2.0,,,1.0,18.0,10.0,17.0,,,,6.0,,8.0,,15.0,,5.0
2022-11-30,7.0,8.0,,20.0,19.0,6.0,13.0,3.0,12.0,,14.0,16.0,11.0,2.0,,,1.0,17.0,10.0,18.0,,,,9.0,,5.0,,15.0,,4.0
2022-12-01,8.0,9.0,,19.0,20.0,5.0,11.0,3.0,13.0,,18.0,16.0,12.0,2.0,,,1.0,14.0,6.0,17.0,,,,10.0,,7.0,,15.0,,4.0
2022-12-02,10.0,13.0,,19.0,20.0,7.0,12.0,3.0,11.0,,18.0,17.0,8.0,2.0,,,1.0,14.0,6.0,16.0,,,,9.0,,5.0,,15.0,,4.0
2022-12-05,10.0,12.0,,19.0,20.0,6.0,13.0,3.0,11.0,,18.0,15.0,9.0,2.0,,,1.0,16.0,7.0,14.0,,,,8.0,,5.0,,17.0,,4.0
2022-12-06,10.0,14.0,,18.0,19.0,5.0,12.0,3.0,11.0,,20.0,17.0,7.0,2.0,,,1.0,15.0,8.0,13.0,,,,9.0,,6.0,,16.0,,4.0
2022-12-07,10.0,12.0,,18.0,20.0,5.0,11.0,3.0,13.0,,19.0,17.0,7.0,2.0,,,1.0,14.0,8.0,15.0,,,,9.0,,6.0,,16.0,,4.0
2022-12-08,9.0,14.0,,18.0,20.0,6.0,12.0,3.0,11.0,,19.0,16.0,7.0,2.0,,,1.0,13.0,8.0,15.0,,,,10.0,,4.0,,17.0,,5.0
2022-12-09,10.0,13.0,,19.0,18.0,4.0,12.0,2.0,9.0,,20.0,16.0,8.0,3.0,,,1.0,14.0,7.0,15.0,,,,11.0,,6.0,,17.0,,5.0
2022-12-12,10.0,11.0,,20.0,19.0,6.0,12.0,2.0,8.0,,18.0,15.0,7.0,3.0,,,1.0,14.0,9.0,16.0,,,,13.0,,5.0,,17.0,,4.0
2022-12-13,7.0,11.0,,20.0,19.0,6.0,12.0,2.0,10.0,,18.0,16.0,8.0,3.0,,,1.0,15.0,9.0,14.0,,,,13.0,,5.0,,17.0,,4.0
2022-12-14,9.0,12.0,,20.0,19.0,7.0,14.0,2.0,8.0,,17.0,15.0,10.0,3.0,,,1.0,16.0,6.0,11.0,,,,13.0,,4.0,,18.0,,5.0
2022-12-15,6.0,11.0,,20.0,19.0,9.0,13.0,2.0,8.0,,17.0,16.0,10.0,3.0,,,1.0,15.0,7.0,12.0,,,,14.0,,4.0,,18.0,,5.0
2022-12-16,5.0,11.0,,20.0,18.0,9.0,12.0,2.0,7.0,,19.0,15.0,8.0,3.0,,,1.0,13.0,10.0,14.0,,,,16.0,,6.0,,17.0,,4.0
2022-12-19,6.0,12.0,,20.0,17.0,9.0,14.0,2.0,4.0,,18.0,15.0,10.0,3.0,,,1.0,11.0,7.0,13.0,,,,16.0,,8.0,,19.0,,5.0
2022-12-20,8.0,11.0,,20.0,17.0,5.0,13.0,2.0,7.0,,18.0,15.0,10.0,3.0,,,1.0,12.0,6.0,14.0,,,,16.0,,9.0,,19.0,,4.0
2022-12-21,4.0,12.0,,20.0,18.0,7.0,11.0,2.0,5.0,,17.0,14.0,10.0,3.0,,,1.0,16.0,6.0,13.0,,,,15.0,,8.0,,19.0,,9.0
2022-12-22,4.0,12.0,,20.0,19.0,6.0,10.0,2.0,8.0,,18.0,14.0,11.0,3.0,,,1.0,15.0,7.0,16.0,,,,13.0,,9.0,,17.0,,5.0
2022-12-23,3.0,11.0,,20.0,18.0,9.0,7.0,2.0,6.0,,19.0,13.0,12.0,4.0,,,1.0,16.0,10.0,14.0,,,,15.0,,8.0,,17.0,,5.0
2022-12-26,4.0,12.0,,20.0,19.0,10.0,7.0,2.0,8.0,,18.0,13.0,11.0,3.0,,,1.0,15.0,9.0,14.0,,,,16.0,,6.0,,17.0,,5.0
2022-12-27,4.0,13.0,,20.0,18.0,9.0,6.0,2.0,10.0,,19.0,12.0,11.0,3.0,,,1.0,15.0,7.0,14.0,,,,16.0,,8.0,,17.0,,5.0
2022-12-28,5.0,14.0,,20.0,18.0,7.0,6.0,2.0,9.0,,19.0,12.0,10.0,3.0,,,1.0,16.0,8.0,13.0,,,,15.0,,11.0,,17.0,,4.0
2022-12-29,5.0,15.0,,20.0,18.0,10.0,7.0,2.0,8.0,,19.0,13.0,11.0,3.0,,,1.0,16.0,6.0,12.0,,,,14.0,,9.0,,17.0,,4.0
2022-12-30,4.0,16.0,,20.0,19.0,9.0,10.0,2.0,7.0,,18.0,12.0,11.0,3.0,,,1.0,15.0,6.0,13.0,,,,14.0,,8.0,,17.0,,5.0
2023-01-02,5.0,14.0,,20.0,19.0,9.0,10.0,2.0,6.0,,18.0,11.0,12.0,3.0,,,1.0,17.0,4.0,13.0,,,,15.0,,8.0,,16.0,,7.0
2023-01-03,9.0,15.0,,20.0,18.0,6.0,10.0,2.0,8.0,,19.0,11.0,12.0,3.0,,,1.0,16.0,4.0,13.0,,,,14.0,,7.0,,17.0,,5.0
2023-01-04,7.0,14.0,,20.0,18.0,8.0,6.0,2.0,10.0,,19.0,9.0,11.0,3.0,,,1.0,16.0,5.0,12.0,,,,15.0,,13.0,,17.0,,4.0
2023-01-05,6.0,14.0,,19.0,20.0,8.0,7.0,2.0,9.0,,18.0,12.0,11.0,3.0,,,1.0,16.0,4.0,13.0,,,,15.0,,10.0,,17.0,,5.0
2023-01-06,5.0,15.0,,20.0,19.0,9.0,6.0,2.0,8.0,,18.0,11.0,10.0,3.0,,,1.0,17.0,7.0,12.0,,,,14.0,,13.0,,16.0,,4.0
2023-01-09,4.0,14.0,,20.0,18.0,9.0,5.0,2.0,11.0,,19.0,12.0,8.0,3.0,,,1.0,17.0,7.0,13.0,,,,15.0,,10.0,,16.0,,6.0
2023-01-10,4.0,14.0,,20.0,18.0,10.0,6.0,2.0,12.0,,19.0,11.0,8.0,3.0,,,1.0,15.0,7.0,13.0,,,,16.0,,9.0,,17.0,,5.0
2023-01-11,6.0,13.0,,20.0,17.0,7.0,4.0,1.0,12.0,,18.0,11.0,10.0,3.0,,,2.0,19.0,9.0,16.0,,,,15.0,,8.0,,14.0,,5.0
2023-01-12,6.0,14.0,,20.0,17.0,7.0,5.0,1.0,12.0,,18.0,11.0,8.0,3.0,,,2.0,19.0,9.0,16.0,,,,13.0,,10.0,,15.0,,4.0
2023-01-13,6.0,13.0,,20.0,18.0,7.0,5.0,1.0,12.0,,19.0,9.0,11.0,3.0,,,2.0,17.0,10.0,16.0,,,,15.0,,8.0,,14.0,,4.0
2023-01-16,4.0,13.0,,20.0,18.0,7.0,6.0,1.0,12.0,,19.0,8.0,9.0,3.0,,,2.0,14.0,10.0,17.0,,,,16.0,,11.0,,15.0,,5.0
2023-01-17,4.0,12.0,,20.0,18.0,6.0,7.0,1.0,14.0,,19.0,8.0,9.0,3.0,,,2.0,13.0,10.0,16.0,,,,15.0,,11.0,,17.0,,5.0
2023-01-18,5.0,11.0,,20.0,18.0,6.0,7.0,1.0,13.0,,19.0,8.0,9.0,3.0,,,2.0,14.0,10.0,16.0,,,,17.0,,12.0,,15.0,,4.0
2023-01-19,4.0,11.0,,20.0,19.0,6.0,7.0,1.0,13.0,,18.0,9.0,8.0,2.0,,,3.0,16.0,10.0,15.0,,,,14.0,,12.0,,17.0,,5.0
2023-01-20,4.0,11.0,,20.0,19.0,6.0,7.0,1.0,13.0,,18.0,9.0,8.0,2.0,,,3.0,16.0,10.0,15.0,,,,14.0,,12.0,,17.0,,5.0
2023-01-23,4.0,10.0,,20.0,19.0,8.0,6.0,2.0,14.0,,18.0,9.0,7.0,1.0,,,3.0,17.0,11.0,16.0,,,,13.0,,12.0,,15.0,,5.0
2023-01-24,4.0,11.0,,20.0,19.0,7.0,6.0,2.0,14.0,,18.0,9.0,8.0,1.0,,,3.0,17.0,12.0,15.0,,,,13.0,,10.0,,16.0,,5.0
2023-01-25,4.0,10.0,,20.0,18.0,7.0,6.0,2.0,13.0,,19.0,9.0,12.0,1.0,,,3.0,17.0,14.0,16.0,,,,11.0,,8.0,,15.0,,5.0
2023-01-27,4.0,9.0,,20.0,16.0,8.0,6.0,2.0,12.0,,17.0,10.0,14.0,1.0,,,7.0,19.0,18.0,15.0,,,,11.0,,5.0,,13.0,,3.0
2023-01-30,3.0,10.0,,19.0,16.0,8.0,7.0,2.0,13.0,,15.0,11.0,14.0,1.0,,,5.0,20.0,17.0,18.0,,,,9.0,,6.0,,12.0,,4.0
2023-01-31,4.0,9.0,,18.0,17.0,10.0,7.0,2.0,12.0,,15.0,11.0,14.0,1.0,,,3.0,20.0,16.0,19.0,,,,8.0,,5.0,,13.0,,6.0
2023-02-01,4.0,7.0,,17.0,16.0,8.0,6.0,2.0,11.0,,15.0,10.0,14.0,1.0,,,13.0,20.0,19.0,18.0,,,,9.0,,3.0,,12.0,,5.0
2023-02-02,3.0,6.0,,16.0,15.0,7.0,8.0,2.0,12.0,,13.0,10.0,14.0,1.0,,,18.0,20.0,19.0,17.0,,,,9.0,,5.0,,11.0,,4.0
2023-02-03,3.0,6.0,,16.0,14.0,8.0,7.0,2.0,12.0,,15.0,10.0,13.0,1.0,,,18.0,20.0,17.0,19.0,,,,9.0,,5.0,,11.0,,4.0
2023-02-06,5.0,7.0,,16.0,14.0,6.0,8.0,2.0,11.0,,15.0,10.0,13.0,1.0,,,18.0,20.0,17.0,19.0,,,,9.0,,4.0,,12.0,,3.0
2023-02-07,6.0,8.0,,17.0,14.0,5.0,7.0,2.0,12.0,,15.0,10.0,13.0,1.0,,,18.0,20.0,16.0,19.0,,,,9.0,,4.0,,11.0,,3.0
2023-02-08,6.0,8.0,,18.0,13.0,5.0,7.0,2.0,12.0,,16.0,11.0,14.0,1.0,,,15.0,20.0,17.0,19.0,,,,10.0,,3.0,,9.0,,4.0
2023-02-09,6.0,7.0,,18.0,13.0,5.0,8.0,2.0,11.0,,15.0,12.0,14.0,1.0,,,17.0,20.0,16.0,19.0,,,,10.0,,3.0,,9.0,,4.0
2023-02-10,5.0,7.0,,17.0,13.0,4.0,8.0,2.0,12.0,,15.0,11.0,14.0,1.0,,,18.0,20.0,16.0,19.0,,,,10.0,,6.0,,9.0,,3.0
2023-02-13,4.0,8.0,,17.0,10.0,5.0,6.0,2.0,13.0,,15.0,11.0,14.0,1.0,,,18.0,20.0,16.0,19.0,,,,12.0,,7.0,,9.0,,3.0
2023-02-14,4.0,8.0,,17.0,10.0,5.0,7.0,2.0,13.0,,15.0,11.0,14.0,1.0,,,18.0,20.0,16.0,19.0,,,,12.0,,6.0,,9.0,,3.0
2023-02-15,3.0,8.0,,17.0,10.0,6.0,7.0,2.0,11.0,,15.0,12.0,14.0,1.0,,,18.0,20.0,16.0,19.0,,,,13.0,,5.0,,9.0,,4.0
2023-02-16,4.0,8.0,,17.0,12.0,6.0,7.0,2.0,10.0,,15.0,11.0,14.0,1.0,,,18.0,20.0,16.0,19.0,,,,13.0,,5.0,,9.0,,3.0
2023-02-17,4.0,8.0,,17.0,13.0,6.0,7.0,2.0,10.0,,15.0,11.0,14.0,1.0,,,18.0,20.0,16.0,19.0,,,,12.0,,5.0,,9.0,,3.0
2023-02-20,4.0,8.0,,16.0,12.0,5.0,7.0,2.0,10.0,,15.0,11.0,14.0,1.0,,,18.0,20.0,17.0,19.0,,,,13.0,,6.0,,9.0,,3.0
2023-02-21,5.0,8.0,,17.0,12.0,4.0,7.0,2.0,11.0,,15.0,10.0,13.0,1.0,,,18.0,20.0,16.0,19.0,,,,14.0,,6.0,,9.0,,3.0
2023-02-22,6.0,8.0,,16.0,11.0,4.0,5.0,2.0,13.0,,15.0,10.0,14.0,1.0,,,18.0,20.0,17.0,19.0,,,,12.0,,7.0,,9.0,,3.0
2023-02-23,4.0,8.0,,16.0,11.0,7.0,5.0,2.0,13.0,,15.0,10.0,14.0,1.0,,,18.0,20.0,17.0,19.0,,,,12.0,,6.0,,9.0,,3.0
2023-02-24,4.0,8.0,,17.0,11.0,7.0,5.0,2.0,12.0,,15.0,10.0,13.0,1.0,,,18.0,20.0,16.0,19.0,,,,14.0,,6.0,,9.0,,3.0
2023-02-27,5.0,7.0,,17.0,11.0,8.0,4.0,2.0,12.0,,15.0,10.0,13.0,1.0,,,18.0,20.0,16.0,19.0,,,,14.0,,6.0,,9.0,,3.0
2023-02-28,6.0,7.0,,17.0,11.0,8.0,4.0,2.0,13.0,,15.0,10.0,14.0,1.0,,,18.0,20.0,16.0,19.0,,,,12.0,,5.0,,9.0,,3.0
2023-03-01,5.0,8.0,,17.0,11.0,7.0,4.0,2.0,14.0,,15.0,10.0,13.0,1.0,,,18.0,20.0,16.0,19.0,,,,12.0,,6.0,,9.0,,3.0
2023-03-02,5.0,6.0,,17.0,11.0,8.0,4.0,2.0,13.0,,16.0,10.0,12.0,1.0,,,18.0,20.0,15.0,19.0,,,,14.0,,7.0,,9.0,,3.0
2023-03-03,4.0,6.0,,17.0,12.0,8.0,5.0,1.0,15.0,,16.0,13.0,10.0,2.0,,,18.0,20.0,11.0,19.0,,,,14.0,,7.0,,9.0,,3.0
2023-03-06,5.0,7.0,,17.0,13.0,8.0,4.0,1.0,15.0,,16.0,14.0,11.0,2.0,,,18.0,20.0,12.0,19.0,,,,10.0,,6.0,,9.0,,3.0
2023-03-08,7.0,6.0,,17.0,13.0,8.0,4.0,1.0,15.0,,16.0,14.0,12.0,2.0,,,18.0,20.0,10.0,19.0,,,,11.0,,5.0,,9.0,,3.0
2023-03-09,7.0,6.0,,17.0,12.0,8.0,4.0,1.0,15.0,,16.0,13.0,14.0,2.0,,,18.0,20.0,10.0,19.0,,,,11.0,,5.0,,9.0,,3.0
2023-03-10,8.0,6.0,,17.0,12.0,7.0,4.0,1.0,15.0,,16.0,11.0,13.0,2.0,,,18.0,20.0,10.0,19.0,,,,14.0,,5.0,,9.0,,3.0
2023-03-13,7.0,6.0,,17.0,11.0,8.0,4.0,1.0,15.0,,16.0,10.0,13.0,2.0,,,18.0,20.0,12.0,19.0,,,,14.0,,5.0,,9.0,,3.0
2023-03-14,7.0,6.0,,17.0,10.0,8.0,4.0,1.0,15.0,,16.0,12.0,14.0,2.0,,,19.0,20.0,13.0,18.0,,,,11.0,,5.0,,9.0,,3.0
2023-03-15,7.0,6.0,,17.0,10.0,8.0,4.0,1.0,16.0,,14.0,11.0,15.0,2.0,,,18.0,20.0,12.0,19.0,,,,13.0,,5.0,,9.0,,3.0
2023-03-16,7.0,6.0,,17.0,10.0,8.0,3.0,1.0,15.0,,13.0,11.0,16.0,2.0,,,19.0,20.0,12.0,18.0,,,,14.0,,5.0,,9.0,,4.0
2023-03-17,7.0,6.0,,17.0,10.0,8.0,3.0,1.0,15.0,,11.0,12.0,16.0,2.0,,,19.0,20.0,14.0,18.0,,,,13.0,,4.0,,9.0,,5.0
2023-03-20,8.0,7.0,,17.0,10.0,6.0,3.0,1.0,15.0,,11.0,13.0,16.0,2.0,,,19.0,20.0,14.0,18.0,,,,12.0,,4.0,,9.0,,5.0
2023-03-21,9.0,7.0,,17.0,11.0,4.0,3.0,1.0,15.0,,13.0,12.0,16.0,2.0,,,19.0,20.0,14.0,18.0,,,,10.0,,6.0,,8.0,,5.0
2023-03-22,9.0,7.0,,17.0,11.0,5.0,3.0,1.0,15.0,,13.0,12.0,16.0,2.0,,,19.0,20.0,14.0,18.0,,,,10.0,,6.0,,8.0,,4.0
2023-03-23,9.0,7.0,,17.0,10.0,6.0,3.0,1.0,16.0,,13.0,12.0,15.0,2.0,,,19.0,20.0,14.0,18.0,,,,11.0,,5.0,,8.0,,4.0
2023-03-24,8.0,7.0,,17.0,10.0,6.0,3.0,2.0,16.0,,13.0,12.0,15.0,1.0,,,19.0,20.0,14.0,18.0,,,,11.0,,4.0,,9.0,,5.0
2023-03-27,7.0,8.0,,17.0,10.0,6.0,3.0,2.0,16.0,,12.0,15.0,14.0,1.0,,,19.0,20.0,13.0,18.0,,,,11.0,,4.0,,9.0,,5.0
2023-03-28,7.0,8.0,,17.0,12.0,5.0,3.0,2.0,16.0,,11.0,14.0,15.0,1.0,,,19.0,20.0,13.0,18.0,,,,10.0,,4.0,,9.0,,6.0
2023-03-29,8.0,7.0,,17.0,13.0,5.0,3.0,2.0,16.0,,10.0,14.0,15.0,1.0,,,19.0,20.0,12.0,18.0,,,,11.0,,4.0,,9.0,,6.0
2023-03-31,8.0,7.0,,16.0,13.0,5.0,3.0,2.0,17.0,,11.0,15.0,14.0,1.0,,,19.0,20.0,12.0,18.0,,,,10.0,,4.0,,9.0,,6.0
2023-04-03,7.0,8.0,,16.0,13.0,5.0,4.0,2.0,17.0,,11.0,14.0,15.0,1.0,,,19.0,20.0,12.0,18.0,,,,10.0,,3.0,,9.0,,6.0
2023-04-05,9.0,8.0,,15.0,14.0,5.0,3.0,2.0,17.0,,10.0,13.0,16.0,1.0,,,19.0,20.0,11.0,18.0,,,,12.0,,4.0,,7.0,,6.0
2023-04-06,9.0,7.0,,16.0,15.0,5.0,3.0,2.0,17.0,,11.0,13.0,14.0,1.0,,,18.0,20.0,10.0,19.0,,,,12.0,,4.0,,8.0,,6.0
2023-04-10,8.0,9.0,,16.0,12.0,5.0,3.0,2.0,17.0,,10.0,14.0,15.0,1.0,,,18.0,20.0,11.0,19.0,,,,13.0,,4.0,,7.0,,6.0
2023-04-11,9.0,8.0,,16.0,12.0,6.0,3.0,2.0,17.0,,10.0,13.0,15.0,1.0,,,18.0,20.0,11.0,19.0,,,,14.0,,4.0,,7.0,,5.0
2023-04-12,9.0,7.0,,16.0,10.0,8.0,3.0,2.0,17.0,,11.0,13.0,15.0,1.0,,,18.0,20.0,12.0,19.0,,,,14.0,,4.0,,6.0,,5.0
2023-04-13,8.0,9.0,,16.0,10.0,6.0,3.0,1.0,17.0,,12.0,13.0,15.0,2.0,,,18.0,20.0,11.0,19.0,,,,14.0,,4.0,,7.0,,5.0
2023-04-17,9.0,8.0,,16.0,10.0,6.0,3.0,1.0,17.0,,12.0,13.0,14.0,2.0,,,18.0,20.0,11.0,19.0,,,,15.0,,4.0,,7.0,,5.0
2023-04-18,9.0,7.0,,16.0,10.0,8.0,3.0,1.0,17.0,,12.0,13.0,14.0,2.0,,,18.0,20.0,11.0,19.0,,,,15.0,,4.0,,6.0,,5.0
2023-04-19,9.0,7.0,,16.0,10.0,8.0,3.0,2.0,17.0,,12.0,13.0,14.0,1.0,,,18.0,20.0,11.0,19.0,,,,15.0,,5.0,,6.0,,4.0
2023-04-20,9.0,7.0,,16.0,13.0,8.0,3.0,2.0,17.0,,11.0,12.0,14.0,1.0,,,19.0,20.0,10.0,18.0,,,,15.0,,5.0,,6.0,,4.0
2023-04-21,9.0,7.0,,16.0,14.0,8.0,3.0,2.0,17.0,,11.0,12.0,15.0,1.0,,,19.0,20.0,10.0,18.0,,,,13.0,,5.0,,6.0,,4.0
2023-04-24,9.0,8.0,,16.0,15.0,7.0,3.0,2.0,17.0,,11.0,12.0,13.0,1.0,,,19.0,20.0,10.0,18.0,,,,14.0,,5.0,,6.0,,4.0
2023-04-25,9.0,8.0,,11.0,16.0,7.0,3.0,2.0,17.0,,12.0,13.0,14.0,1.0,,,19.0,20.0,10.0,18.0,,,,15.0,,6.0,,5.0,,4.0
2023-04-26,9.0,8.0,,11.0,16.0,4.0,3.0,1.0,17.0,,13.0,12.0,15.0,2.0,,,19.0,20.0,10.0,18.0,,,,14.0,,6.0,,7.0,,5.0
2023-04-27,9.0,8.0,,11.0,16.0,4.0,3.0,2.0,17.0,,12.0,13.0,15.0,1.0,,,19.0,20.0,10.0,18.0,,,,14.0,,7.0,,6.0,,5.0
2023-04-28,9.0,8.0,,11.0,16.0,4.0,3.0,1.0,18.0,,12.0,13.0,15.0,2.0,,,19.0,20.0,10.0,17.0,,,,14.0,,7.0,,6.0,,5.0
2023-05-02,9.0,8.0,,12.0,17.0,5.0,3.0,2.0,18.0,,11.0,13.0,15.0,1.0,,,19.0,20.0,10.0,16.0,,,,14.0,,6.0,,7.0,,4.0
2023-05-03,9.0,7.0,,12.0,16.0,5.0,3.0,2.0,18.0,,14.0,10.0,15.0,1.0,,,19.0,20.0,11.0,17.0,,,,13.0,,6.0,,8.0,,4.0
2023-05-04,9.0,7.0,,13.0,17.0,3.0,4.0,2.0,18.0,,12.0,10.0,15.0,1.0,,,19.0,20.0,11.0,16.0,,,,14.0,,6.0,,8.0,,5.0
2023-05-05,9.0,6.0,,14.0,17.0,3.0,4.0,1.0,18.0,,11.0,10.0,15.0,2.0,,,19.0,20.0,12.0,16.0,,,,13.0,,7.0,,8.0,,5.0
2023-05-08,9.0,6.0,,14.0,15.0,3.0,5.0,1.0,18.0,,10.0,11.0,16.0,2.0,,,19.0,20.0,12.0,17.0,,,,13.0,,7.0,,8.0,,4.0
2023-05-09,10.0,6.0,,14.0,15.0,3.0,5.0,2.0,18.0,,9.0,11.0,16.0,1.0,,,19.0,20.0,12.0,17.0,,,,13.0,,7.0,,8.0,,4.0
2023-05-10,10.0,6.0,,17.0,14.0,3.0,5.0,2.0,18.0,,9.0,11.0,15.0,1.0,,,19.0,20.0,12.0,16.0,,,,13.0,,7.0,,8.0,,4.0
2023-05-11,10.0,6.0,,17.0,14.0,3.0,5.0,2.0,18.0,,9.0,11.0,15.0,1.0,,,19.0,20.0,12.0,16.0,,,,13.0,,8.0,,7.0,,4.0
2023-05-12,10.0,6.0,,17.0,14.0,3.0,5.0,2.0,18.0,,9.0,11.0,15.0,1.0,,,19.0,20.0,12.0,16.0,,,,13.0,,8.0,,7.0,,4.0
2023-05-15,10.0,7.0,,16.0,15.0,3.0,5.0,2.0,17.0,,9.0,11.0,14.0,1.0,,,19.0,20.0,12.0,18.0,,,,13.0,,6.0,,8.0,,4.0
2023-05-16,10.0,7.0,,15.0,16.0,3.0,5.0,2.0,18.0,,9.0,11.0,14.0,1.0,,,19.0,20.0,12.0,17.0,,,,13.0,,6.0,,8.0,,4.0
2023-05-17,10.0,7.0,,16.0,15.0,3.0,5.0,2.0,18.0,,9.0,11.0,13.0,1.0,,,19.0,20.0,12.0,17.0,,,,14.0,,6.0,,8.0,,4.0
2023-05-18,10.0,9.0,,14.0,16.0,2.0,4.0,3.0,18.0,,7.0,11.0,15.0,1.0,,,19.0,20.0,12.0,17.0,,,,13.0,,6.0,,8.0,,5.0
2023-05-19,10.0,7.0,,14.0,16.0,2.0,5.0,3.0,18.0,,8.0,11.0,15.0,1.0,,,19.0,20.0,12.0,17.0,,,,13.0,,6.0,,9.0,,4.0
2023-05-22,10.0,7.0,,13.0,17.0,3.0,5.0,2.0,18.0,,8.0,12.0,14.0,1.0,,,19.0,20.0,11.0,16.0,,,,15.0,,4.0,,9.0,,6.0
2023-05-23,10.0,7.0,,13.0,17.0,3.0,5.0,2.0,19.0,,8.0,12.0,15.0,1.0,,,18.0,20.0,11.0,14.0,,,,16.0,,4.0,,9.0,,6.0
2023-05-24,10.0,8.0,,13.0,15.0,3.0,5.0,2.0,18.0,,9.0,11.0,16.0,1.0,,,19.0,20.0,12.0,14.0,,,,17.0,,4.0,,7.0,,6.0
2023-05-25,10.0,9.0,,14.0,16.0,3.0,4.0,2.0,18.0,,8.0,12.0,17.0,1.0,,,19.0,20.0,11.0,13.0,,,,15.0,,5.0,,6.0,,7.0
2023-05-26,10.0,7.0,,14.0,17.0,3.0,4.0,2.0,18.0,,9.0,11.0,16.0,1.0,,,19.0,20.0,12.0,13.0,,,,15.0,,8.0,,6.0,,5.0
2023-05-29,10.0,7.0,,14.0,17.0,2.0,4.0,3.0,19.0,,9.0,11.0,16.0,1.0,,,18.0,20.0,12.0,13.0,,,,15.0,,8.0,,5.0,,6.0
2023-05-30,10.0,6.0,,13.0,17.0,3.0,5.0,2.0,18.0,,9.0,11.0,16.0,1.0,,,19.0,20.0,12.0,15.0,,,,14.0,,4.0,,8.0,,7.0
2023-05-31,10.0,5.0,,14.0,16.0,2.0,7.0,3.0,18.0,,9.0,11.0,17.0,1.0,,,19.0,20.0,12.0,15.0,,,,13.0,,4.0,,8.0,,6.0
2023-06-01,10.0,5.0,,15.0,16.0,2.0,7.0,3.0,18.0,,9.0,12.0,17.0,1.0,,,19.0,20.0,11.0,14.0,,,,13.0,,4.0,,8.0,,6.0
2023-06-02,10.0,5.0,,15.0,17.0,2.0,6.0,3.0,18.0,,9.0,11.0,16.0,1.0,,,19.0,20.0,12.0,13.0,,,,14.0,,4.0,,8.0,,7.0
2023-06-05,10.0,5.0,,15.0,16.0,2.0,7.0,3.0,18.0,,9.0,11.0,17.0,1.0,,,19.0,20.0,12.0,14.0,,,,13.0,,4.0,,6.0,,8.0
2023-06-06,10.0,4.0,,15.0,16.0,2.0,7.0,3.0,18.0,,9.0,11.0,17.0,1.0,,,19.0,20.0,12.0,13.0,,,,14.0,,5.0,,6.0,,8.0
2023-06-07,10.0,3.0,,15.0,16.0,2.0,7.0,5.0,18.0,,9.0,11.0,17.0,1.0,,,19.0,20.0,13.0,12.0,,,,14.0,,6.0,,4.0,,8.0
2023-06-08,10.0,4.0,,15.0,16.0,2.0,7.0,6.0,18.0,,9.0,12.0,17.0,1.0,,,19.0,20.0,13.0,11.0,,,,14.0,,5.0,,3.0,,8.0
2023-06-09,10.0,5.0,,15.0,16.0,1.0,7.0,6.0,18.0,,9.0,11.0,17.0,2.0,,,19.0,20.0,14.0,12.0,,,,13.0,,4.0,,3.0,,8.0
2023-06-12,10.0,5.0,,15.0,17.0,2.0,7.0,6.0,18.0,,9.0,11.0,16.0,1.0,,,19.0,20.0,14.0,13.0,,,,12.0,,3.0,,4.0,,8.0
2023-06-13,10.0,4.0,,15.0,17.0,1.0,7.0,6.0,18.0,,9.0,11.0,16.0,2.0,,,19.0,20.0,14.0,13.0,,,,12.0,,5.0,,3.0,,8.0
2023-06-14,10.0,3.0,,15.0,17.0,2.0,8.0,6.0,18.0,,9.0,12.0,16.0,1.0,,,19.0,20.0,14.0,13.0,,,,11.0,,5.0,,4.0,,7.0
2023-06-15,10.0,5.0,,15.0,17.0,2.0,7.0,6.0,18.0,,9.0,14.0,16.0,1.0,,,19.0,20.0,13.0,12.0,,,,11.0,,3.0,,4.0,,8.0
2023-06-16,10.0,5.0,,15.0,16.0,2.0,7.0,6.0,18.0,,9.0,13.0,17.0,1.0,,,19.0,20.0,12.0,14.0,,,,11.0,,3.0,,4.0,,8.0
2023-06-19,10.0,5.0,,15.0,16.0,2.0,7.0,6.0,18.0,,9.0,14.0,17.0,1.0,,,19.0,20.0,13.0,12.0,,,,11.0,,3.0,,4.0,,8.0
2023-06-20,10.0,5.0,,15.0,17.0,1.0,7.0,6.0,18.0,,8.0,13.0,16.0,2.0,,,19.0,20.0,12.0,14.0,,,,11.0,,4.0,,3.0,,9.0
2023-06-21,11.0,5.0,,13.0,18.0,1.0,7.0,6.0,17.0,,8.0,15.0,16.0,2.0,,,19.0,20.0,12.0,14.0,,,,10.0,,4.0,,3.0,,9.0
2023-06-22,11.0,5.0,,12.0,16.0,1.0,9.0,6.0,18.0,,8.0,15.0,17.0,2.0,,,19.0,20.0,14.0,13.0,,,,10.0,,4.0,,3.0,,7.0
2023-06-23,10.0,5.0,,13.0,16.0,1.0,8.0,6.0,18.0,,9.0,12.0,17.0,2.0,,,19.0,20.0,14.0,15.0,,,,11.0,,4.0,,3.0,,7.0
2023-06-26,10.0,6.0,,14.0,16.0,2.0,9.0,5.0,18.0,,8.0,15.0,17.0,1.0,,,19.0,20.0,13.0,12.0,,,,11.0,,4.0,,3.0,,7.0
2023-06-27,9.0,5.0,,14.0,16.0,2.0,10.0,3.0,17.0,,8.0,15.0,18.0,1.0,,,19.0,20.0,13.0,12.0,,,,11.0,,4.0,,6.0,,7.0
2023-06-28,11.0,5.0,,15.0,16.0,2.0,9.0,3.0,18.0,,7.0,14.0,17.0,1.0,,,19.0,20.0,13.0,12.0,,,,10.0,,4.0,,6.0,,8.0
2023-06-30,10.0,7.0,,16.0,15.0,2.0,9.0,3.0,18.0,,5.0,14.0,17.0,1.0,,,19.0,20.0,12.0,13.0,,,,11.0,,6.0,,4.0,,8.0
2023-07-03,9.0,5.0,,16.0,15.0,2.0,10.0,3.0,17.0,,6.0,14.0,18.0,1.0,,,19.0,20.0,12.0,13.0,,,,11.0,,7.0,,4.0,,8.0
2023-07-04,8.0,6.0,,16.0,14.0,2.0,10.0,3.0,18.0,,4.0,13.0,17.0,1.0,,,19.0,20.0,12.0,15.0,,,,11.0,,7.0,,5.0,,9.0
2023-07-05,9.0,5.0,,16.0,14.0,2.0,10.0,4.0,18.0,,3.0,13.0,17.0,1.0,,,19.0,20.0,12.0,15.0,,,,11.0,,6.0,,7.0,,8.0
2023-07-06,10.0,6.0,,16.0,13.0,2.0,9.0,4.0,18.0,,3.0,14.0,17.0,1.0,,,19.0,20.0,12.0,15.0,,,,11.0,,5.0,,7.0,,8.0
2023-07-07,9.0,4.0,,16.0,13.0,2.0,10.0,6.0,17.0,,3.0,14.0,18.0,1.0,,,19.0,20.0,12.0,15.0,,,,11.0,,5.0,,7.0,,8.0
2023-07-10,9.0,3.0,,18.0,13.0,2.0,10.0,7.0,16.0,,4.0,15.0,17.0,1.0,,,19.0,20.0,12.0,14.0,,,,11.0,,5.0,,8.0,,6.0
2023-07-11,9.0,4.0,,18.0,13.0,2.0,10.0,6.0,16.0,,5.0,15.0,17.0,1.0,,,19.0,20.0,12.0,14.0,,,,11.0,,3.0,,8.0,,7.0
2023-07-12,9.0,4.0,,17.0,12.0,2.0,10.0,5.0,16.0,,7.0,14.0,18.0,1.0,,,19.0,20.0,13.0,15.0,,,,11.0,,3.0,,8.0,,6.0
2023-07-13,9.0,4.0,,17.0,13.0,2.0,10.0,5.0,16.0,,6.0,14.0,18.0,1.0,,,19.0,20.0,12.0,15.0,,,,11.0,,3.0,,8.0,,7.0
2023-07-14,9.0,7.0,,17.0,13.0,2.0,10.0,5.0,16.0,,3.0,14.0,18.0,1.0,,,19.0,20.0,12.0,15.0,,,,11.0,,4.0,,8.0,,6.0
2023-07-17,9.0,7.0,,17.0,15.0,2.0,11.0,5.0,16.0,,3.0,14.0,18.0,1.0,,,19.0,20.0,12.0,13.0,,,,10.0,,4.0,,8.0,,6.0
2023-07-18,9.0,6.0,,17.0,15.0,2.0,10.0,7.0,16.0,,4.0,14.0,18.0,1.0,,,19.0,20.0,12.0,13.0,,,,11.0,,3.0,,8.0,,5.0
2023-07-19,9.0,7.0,,17.0,15.0,2.0,10.0,5.0,16.0,,4.0,14.0,18.0,1.0,,,19.0,20.0,12.0,13.0,,,,11.0,,3.0,,8.0,,6.0
2023-07-20,9.0,5.0,,16.0,15.0,2.0,10.0,6.0,17.0,,4.0,14.0,18.0,1.0,,,19.0,20.0,12.0,13.0,,,,11.0,,3.0,,8.0,,7.0
2023-07-21,9.0,6.0,,16.0,15.0,2.0,10.0,5.0,17.0,,4.0,14.0,18.0,1.0,,,19.0,20.0,12.0,13.0,,,,11.0,,3.0,,8.0,,7.0
2023-07-24,9.0,6.0,,17.0,14.0,2.0,10.0,5.0,16.0,,4.0,13.0,18.0,1.0,,,19.0,20.0,12.0,15.0,,,,11.0,,3.0,,7.0,,8.0
2023-07-25,9.0,7.0,,18.0,15.0,2.0,10.0,6.0,16.0,,4.0,14.0,17.0,1.0,,,19.0,20.0,12.0,13.0,,,,11.0,,3.0,,5.0,,8.0
2023-07-26,9.0,7.0,,17.0,15.0,2.0,10.0,5.0,16.0,,3.0,14.0,18.0,1.0,,,19.0,20.0,12.0,13.0,,,,11.0,,4.0,,6.0,,8.0
2023-07-27,10.0,8.0,,17.0,15.0,2.0,9.0,6.0,16.0,,4.0,13.0,18.0,1.0,,,19.0,20.0,12.0,14.0,,,,11.0,,3.0,,5.0,,7.0
2023-07-28,10.0,8.0,,18.0,15.0,2.0,9.0,6.0,16.0,,3.0,14.0,17.0,1.0,,,19.0,20.0,12.0,13.0,,,,11.0,,4.0,,5.0,,7.0
2023-07-31,10.0,7.0,,17.0,18.0,2.0,9.0,6.0,16.0,,3.0,14.0,15.0,1.0,,,19.0,20.0,12.0,13.0,,,,11.0,,5.0,,4.0,,8.0
2023-08-01,10.0,8.0,,16.0,18.0,2.0,9.0,5.0,17.0,,3.0,14.0,15.0,1.0,,,19.0,20.0,12.0,13.0,,,,11.0,,6.0,,4.0,,7.0
2023-08-02,11.0,9.0,,16.0,19.0,2.0,10.0,5.0,18.0,,3.0,15.0,14.0,1.0,,,17.0,20.0,7.0,12.0,,,,13.0,,6.0,,4.0,,8.0
2023-08-03,12.0,9.0,,16.0,20.0,2.0,10.0,5.0,17.0,,3.0,15.0,13.0,1.0,,,18.0,19.0,7.0,11.0,,,,14.0,,8.0,,4.0,,6.0
2023-08-04,12.0,10.0,,16.0,17.0,2.0,11.0,5.0,20.0,,3.0,15.0,13.0,1.0,,,18.0,19.0,7.0,8.0,,,,14.0,,9.0,,4.0,,6.0
2023-08-07,14.0,10.0,,17.0,18.0,2.0,12.0,6.0,20.0,,5.0,16.0,13.0,1.0,,,11.0,19.0,3.0,8.0,,,,15.0,,9.0,,4.0,,7.0
2023-08-08,13.0,11.0,,18.0,19.0,3.0,12.0,8.0,20.0,,5.0,16.0,14.0,1.0,,,4.0,17.0,2.0,7.0,,,,15.0,,10.0,,6.0,,9.0
2023-08-09,13.0,11.0,,18.0,20.0,2.0,12.0,8.0,19.0,,5.0,17.0,16.0,1.0,,,4.0,15.0,3.0,7.0,,,,14.0,,10.0,,6.0,,9.0
2023-08-10,13.0,11.0,,19.0,20.0,5.0,12.0,10.0,18.0,,3.0,15.0,17.0,1.0,,,2.0,14.0,7.0,4.0,,,,16.0,,9.0,,6.0,,8.0
2023-08-11,14.0,9.0,,18.0,20.0,4.0,13.0,11.0,19.0,,3.0,15.0,17.0,1.0,,,7.0,12.0,6.0,2.0,,,,16.0,,10.0,,5.0,,8.0
2023-08-14,12.0,9.0,,18.0,20.0,5.0,14.0,10.0,19.0,,3.0,16.0,17.0,1.0,,,13.0,11.0,6.0,2.0,,,,15.0,,7.0,,4.0,,8.0
2023-08-16,14.0,12.0,,18.0,20.0,5.0,13.0,11.0,19.0,,3.0,16.0,17.0,1.0,,,9.0,10.0,6.0,2.0,,,,15.0,,8.0,,4.0,,7.0
2023-08-17,14.0,11.0,,18.0,20.0,6.0,13.0,12.0,19.0,,3.0,17.0,16.0,1.0,,,7.0,8.0,5.0,2.0,,,,15.0,,9.0,,4.0,,10.0
2023-08-18,14.0,11.0,,19.0,20.0,8.0,13.0,12.0,18.0,,3.0,17.0,15.0,1.0,,,5.0,7.0,4.0,2.0,,,,16.0,,9.0,,6.0,,10.0
2023-08-21,14.0,10.0,,19.0,20.0,8.0,13.0,12.0,18.0,,5.0,17.0,15.0,2.0,,,6.0,3.0,4.0,1.0,,,,16.0,,11.0,,7.0,,9.0
2023-08-22,14.0,8.0,,19.0,20.0,9.0,13.0,11.0,18.0,,4.0,17.0,15.0,2.0,,,5.0,3.0,6.0,1.0,,,,16.0,,12.0,,7.0,,10.0
2023-08-23,14.0,8.0,,18.0,20.0,9.0,13.0,12.0,19.0,,4.0,17.0,15.0,2.0,,,7.0,3.0,6.0,1.0,,,,16.0,,11.0,,5.0,,10.0
2023-08-24,14.0,9.0,,18.0,19.0,8.0,13.0,12.0,20.0,,4.0,17.0,15.0,2.0,,,5.0,3.0,7.0,1.0,,,,16.0,,10.0,,6.0,,11.0
2023-08-25,14.0,8.0,,18.0,19.0,10.0,13.0,12.0,20.0,,4.0,17.0,15.0,1.0,,,5.0,3.0,7.0,2.0,,,,16.0,,9.0,,6.0,,11.0
2023-08-28,14.0,8.0,,19.0,20.0,9.0,13.0,11.0,18.0,,4.0,17.0,15.0,1.0,,,5.0,3.0,7.0,2.0,,,,16.0,,10.0,,6.0,,12.0
2023-08-29,14.0,7.0,,18.0,20.0,9.0,13.0,11.0,19.0,,5.0,17.0,15.0,1.0,,,4.0,3.0,6.0,2.0,,,,16.0,,10.0,,8.0,,12.0
2023-08-30,15.0,8.0,,19.0,20.0,9.0,14.0,11.0,18.0,,5.0,17.0,13.0,2.0,,,4.0,3.0,7.0,1.0,,,,16.0,,10.0,,6.0,,12.0
2023-08-31,15.0,7.0,,19.0,20.0,9.0,14.0,11.0,18.0,,5.0,17.0,13.0,2.0,,,4.0,3.0,8.0,1.0,,,,16.0,,10.0,,6.0,,12.0
2023-09-01,16.0,8.0,,19.0,20.0,9.0,14.0,11.0,18.0,,5.0,17.0,13.0,2.0,,,3.0,4.0,7.0,1.0,,,,15.0,,10.0,,6.0,,12.0
2023-09-04,14.0,7.0,,19.0,20.0,10.0,15.0,12.0,18.0,,5.0,16.0,13.0,2.0,,,4.0,3.0,9.0,1.0,,,,17.0,,8.0,,6.0,,11.0
2023-09-05,13.0,7.0,,19.0,20.0,10.0,15.0,12.0,18.0,,4.0,16.0,14.0,2.0,,,5.0,3.0,9.0,1.0,,,,17.0,,8.0,,6.0,,11.0
2023-09-06,13.0,7.0,,19.0,20.0,9.0,14.0,12.0,18.0,,4.0,17.0,15.0,2.0,,,5.0,3.0,10.0,1.0,,,,16.0,,8.0,,6.0,,11.0
2023-09-07,13.0,6.0,,19.0,20.0,8.0,14.0,11.0,18.0,,4.0,15.0,17.0,2.0,,,9.0,3.0,12.0,1.0,,,,16.0,,7.0,,5.0,,10.0
2023-09-08,13.0,6.0,,19.0,20.0,8.0,15.0,12.0,18.0,,3.0,14.0,17.0,2.0,,,9.0,4.0,11.0,1.0,,,,16.0,,7.0,,5.0,,10.0
2023-09-11,10.0,6.0,,19.0,20.0,7.0,15.0,13.0,18.0,,3.0,14.0,17.0,2.0,,,9.0,4.0,11.0,1.0,,,,16.0,,8.0,,5.0,,12.0
2023-09-12,10.0,6.0,,19.0,20.0,8.0,15.0,13.0,18.0,,3.0,14.0,17.0,2.0,,,9.0,4.0,11.0,1.0,,,,16.0,,7.0,,5.0,,12.0
2023-09-13,11.0,7.0,,18.0,20.0,9.0,15.0,13.0,19.0,,3.0,14.0,17.0,2.0,,,6.0,5.0,10.0,1.0,,,,16.0,,8.0,,4.0,,12.0
2023-09-14,9.0,8.0,,18.0,20.0,7.0,16.0,12.0,19.0,,2.0,13.0,15.0,1.0,,,6.0,5.0,11.0,3.0,,,,17.0,,10.0,,4.0,,14.0
2023-09-15,12.0,9.0,,19.0,20.0,8.0,15.0,11.0,18.0,,3.0,13.0,14.0,1.0,,,4.0,6.0,10.0,2.0,,,,16.0,,7.0,,5.0,,17.0
2023-09-18,12.0,9.0,,19.0,20.0,8.0,15.0,10.0,18.0,,3.0,13.0,16.0,1.0,,,5.0,6.0,11.0,2.0,,,,14.0,,7.0,,4.0,,17.0
2023-09-20,10.0,6.0,,19.0,20.0,8.0,16.0,12.0,18.0,,3.0,13.0,15.0,1.0,,,5.0,9.0,11.0,2.0,,,,14.0,,7.0,,4.0,,17.0
2023-09-21,10.0,6.0,,20.0,19.0,7.0,17.0,14.0,18.0,,3.0,12.0,13.0,2.0,,,5.0,9.0,11.0,1.0,,,,15.0,,8.0,,4.0,,16.0
2023-09-22,7.0,5.0,,20.0,19.0,9.0,17.0,14.0,18.0,,3.0,11.0,13.0,2.0,,,6.0,12.0,10.0,1.0,,,,16.0,,8.0,,4.0,,15.0
2023-09-25,7.0,5.0,,20.0,18.0,10.0,17.0,13.0,19.0,,3.0,11.0,12.0,2.0,,,6.0,14.0,8.0,1.0,,,,16.0,,9.0,,4.0,,15.0
2023-09-26,10.0,5.0,,20.0,18.0,7.0,17.0,13.0,19.0,,3.0,11.0,12.0,2.0,,,6.0,16.0,8.0,1.0,,,,15.0,,9.0,,4.0,,14.0
2023-09-27,11.0,4.0,,20.0,19.0,8.0,16.0,12.0,18.0,,3.0,10.0,13.0,2.0,,,6.0,17.0,7.0,1.0,,,,14.0,,9.0,,5.0,,15.0
2023-09-28,12.0,6.0,,20.0,17.0,10.0,15.0,11.0,18.0,,3.0,8.0,13.0,2.0,,,5.0,19.0,7.0,1.0,,,,14.0,,9.0,,4.0,,16.0
2023-09-29,13.0,6.0,,20.0,17.0,9.0,16.0,10.0,18.0,,2.0,5.0,12.0,3.0,,,7.0,19.0,8.0,1.0,,,,14.0,,11.0,,4.0,,15.0
2023-10-03,14.0,8.0,,20.0,15.0,12.0,17.0,11.0,19.0,,2.0,6.0,9.0,3.0,,,5.0,18.0,7.0,1.0,,,,13.0,,10.0,,4.0,,16.0
2023-10-04,12.0,7.0,,20.0,15.0,11.0,18.0,13.0,19.0,,3.0,6.0,9.0,2.0,,,5.0,17.0,8.0,1.0,,,,14.0,,10.0,,4.0,,16.0
2023-10-05,12.0,7.0,,20.0,17.0,9.0,18.0,13.0,19.0,,2.0,5.0,10.0,3.0,,,6.0,16.0,8.0,1.0,,,,14.0,,11.0,,4.0,,15.0
2023-10-06,10.0,6.0,,20.0,17.0,9.0,18.0,12.0,19.0,,3.0,7.0,11.0,2.0,,,4.0,14.0,8.0,1.0,,,,16.0,,13.0,,5.0,,15.0
2023-10-09,9.0,6.0,,20.0,17.0,10.0,19.0,14.0,18.0,,2.0,7.0,11.0,3.0,,,4.0,13.0,8.0,1.0,,,,16.0,,12.0,,5.0,,15.0
2023-10-10,10.0,6.0,,20.0,17.0,9.0,19.0,14.0,18.0,,2.0,7.0,12.0,3.0,,,4.0,16.0,8.0,1.0,,,,15.0,,11.0,,5.0,,13.0
2023-10-11,10.0,6.0,,20.0,17.0,9.0,19.0,14.0,18.0,,2.0,7.0,12.0,3.0,,,4.0,16.0,8.0,1.0,,,,13.0,,11.0,,5.0,,15.0
2023-10-12,10.0,7.0,,20.0,16.0,8.0,19.0,13.0,18.0,,2.0,6.0,11.0,3.0,,,5.0,17.0,9.0,1.0,,,,14.0,,12.0,,4.0,,15.0
2023-10-13,9.0,5.0,,20.0,19.0,8.0,17.0,12.0,18.0,,2.0,6.0,13.0,3.0,,,7.0,16.0,10.0,1.0,,,,14.0,,11.0,,4.0,,15.0
2023-10-16,8.0,6.0,,20.0,19.0,7.0,16.0,13.0,17.0,,1.0,5.0,12.0,2.0,,,9.0,18.0,10.0,3.0,,,,14.0,,11.0,,4.0,,15.0
2023-10-17,5.0,6.0,,20.0,19.0,8.0,17.0,14.0,16.0,,1.0,7.0,13.0,3.0,,,9.0,18.0,11.0,2.0,,,,12.0,,10.0,,4.0,,15.0
2023-10-18,5.0,6.0,,20.0,19.0,9.0,17.0,14.0,16.0,,2.0,8.0,13.0,3.0,,,7.0,18.0,11.0,1.0,,,,12.0,,10.0,,4.0,,15.0
2023-10-19,6.0,5.0,,20.0,19.0,10.0,17.0,14.0,16.0,,3.0,9.0,13.0,2.0,,,7.0,18.0,11.0,1.0,,,,12.0,,8.0,,4.0,,15.0
2023-10-20,5.0,6.0,,20.0,19.0,10.0,17.0,14.0,16.0,,3.0,7.0,13.0,1.0,,,8.0,18.0,11.0,2.0,,,,12.0,,9.0,,4.0,,15.0
2023-10-23,5.0,6.0,,20.0,17.0,9.0,16.0,14.0,18.0,,2.0,7.0,13.0,1.0,,,8.0,19.0,11.0,3.0,,,,12.0,,10.0,,4.0,,15.0
2023-10-25,7.0,6.0,,20.0,17.0,10.0,16.0,14.0,19.0,,2.0,5.0,13.0,1.0,,,9.0,18.0,11.0,3.0,,,,12.0,,8.0,,4.0,,15.0
2023-10-26,8.0,6.0,,20.0,16.0,10.0,17.0,15.0,18.0,,2.0,5.0,13.0,1.0,,,9.0,19.0,11.0,3.0,,,,12.0,,7.0,,4.0,,14.0
2023-10-27,8.0,5.0,,20.0,14.0,11.0,17.0,16.0,18.0,,3.0,6.0,13.0,1.0,,,9.0,19.0,10.0,2.0,,,,12.0,,7.0,,4.0,,15.0
2023-10-30,8.0,6.0,,20.0,16.0,11.0,17.0,15.0,19.0,,3.0,5.0,13.0,1.0,,,9.0,18.0,10.0,2.0,,,,12.0,,7.0,,4.0,,14.0
2023-10-31,8.0,6.0,,20.0,17.0,9.0,16.0,15.0,18.0,,3.0,5.0,13.0,1.0,,,10.0,19.0,11.0,2.0,,,,12.0,,7.0,,4.0,,14.0
2023-11-01,8.0,5.0,,20.0,14.0,9.0,16.0,15.0,18.0,,2.0,7.0,13.0,1.0,,,10.0,19.0,11.0,3.0,,,,12.0,,6.0,,4.0,,17.0
2023-11-02,6.0,5.0,,20.0,16.0,10.0,17.0,15.0,18.0,,3.0,8.0,13.0,1.0,,,9.0,19.0,11.0,2.0,,,,12.0,,7.0,,4.0,,14.0
2023-11-03,7.0,6.0,,20.0,14.0,12.0,15.0,17.0,18.0,,3.0,8.0,13.0,1.0,,,10.0,19.0,9.0,2.0,,,,11.0,,5.0,,4.0,,16.0
2023-11-06,7.0,5.0,,20.0,16.0,12.0,14.0,18.0,17.0,,3.0,8.0,13.0,1.0,,,10.0,19.0,9.0,2.0,,,,11.0,,6.0,,4.0,,15.0
2023-11-07,5.0,6.0,,20.0,19.0,12.0,13.0,18.0,14.0,,3.0,8.0,15.0,1.0,,,9.0,16.0,10.0,2.0,,,,11.0,,7.0,,4.0,,17.0
2023-11-08,5.0,7.0,,20.0,19.0,11.0,12.0,17.0,14.0,,3.0,8.0,15.0,1.0,,,10.0,16.0,9.0,2.0,,,,13.0,,6.0,,4.0,,18.0
2023-11-09,5.0,6.0,,19.0,20.0,12.0,11.0,18.0,14.0,,3.0,8.0,15.0,1.0,,,10.0,16.0,9.0,2.0,,,,13.0,,7.0,,4.0,,17.0
2023-11-10,5.0,6.0,,19.0,20.0,12.0,10.0,15.0,14.0,,4.0,8.0,17.0,1.0,,,11.0,16.0,9.0,2.0,,,,13.0,,7.0,,3.0,,18.0
2023-11-13,5.0,6.0,,18.0,17.0,15.0,12.0,13.0,14.0,,3.0,8.0,19.0,1.0,,,10.0,16.0,9.0,2.0,,,,11.0,,7.0,,4.0,,20.0
2023-11-15,5.0,6.0,,18.0,17.0,12.0,14.0,13.0,16.0,,4.0,8.0,19.0,1.0,,,10.0,15.0,9.0,2.0,,,,11.0,,7.0,,3.0,,20.0
2023-11-16,5.0,6.0,,18.0,17.0,15.0,12.0,13.0,14.0,,3.0,8.0,19.0,1.0,,,10.0,16.0,9.0,2.0,,,,11.0,,7.0,,4.0,,20.0
2023-11-17,5.0,6.0,,17.0,19.0,14.0,12.0,18.0,13.0,,3.0,7.0,16.0,1.0,,,10.0,15.0,9.0,2.0,,,,11.0,,8.0,,4.0,,20.0
2023-11-20,5.0,6.0,,18.0,15.0,13.0,10.0,19.0,14.0,,4.0,7.0,17.0,1.0,,,12.0,16.0,9.0,2.0,,,,11.0,,8.0,,3.0,,20.0
2023-11-21,5.0,7.0,,17.0,15.0,14.0,10.0,18.0,13.0,,3.0,6.0,16.0,1.0,,,12.0,20.0,9.0,2.0,,,,11.0,,8.0,,4.0,,19.0
2023-11-22,5.0,7.0,,16.0,14.0,13.0,10.0,17.0,11.0,,3.0,6.0,18.0,1.0,,,20.0,19.0,12.0,2.0,,,,9.0,,8.0,,4.0,,15.0
2023-11-23,6.0,7.0,,15.0,14.0,12.0,11.0,16.0,10.0,,3.0,5.0,18.0,1.0,,,20.0,19.0,13.0,4.0,,,,9.0,,8.0,,2.0,,17.0
2023-11-24,5.0,7.0,,15.0,14.0,13.0,11.0,17.0,10.0,,4.0,6.0,16.0,1.0,,,20.0,19.0,12.0,2.0,,,,9.0,,8.0,,3.0,,18.0
2023-11-28,6.0,7.0,,16.0,18.0,14.0,12.0,17.0,11.0,,3.0,5.0,15.0,1.0,,,20.0,13.0,10.0,2.0,,,,9.0,,8.0,,4.0,,19.0
2023-11-29,5.0,8.0,,12.0,17.0,15.0,13.0,18.0,11.0,,3.0,6.0,16.0,1.0,,,20.0,14.0,10.0,2.0,,,,9.0,,7.0,,4.0,,19.0
2023-11-30,5.0,8.0,,14.0,17.0,13.0,12.0,18.0,10.0,,3.0,6.0,16.0,1.0,,,20.0,15.0,11.0,2.0,,,,9.0,,7.0,,4.0,,19.0
2023-12-01,5.0,7.0,,14.0,17.0,12.0,13.0,19.0,11.0,,3.0,6.0,15.0,1.0,,,20.0,16.0,10.0,2.0,,,,9.0,,8.0,,4.0,,18.0
2023-12-04,5.0,7.0,,15.0,17.0,14.0,16.0,20.0,11.0,,3.0,6.0,13.0,2.0,,,19.0,12.0,9.0,1.0,,,,10.0,,8.0,,4.0,,18.0
2023-12-05,5.0,12.0,,16.0,18.0,9.0,17.0,20.0,14.0,,3.0,8.0,11.0,2.0,,,13.0,7.0,6.0,1.0,,,,15.0,,10.0,,4.0,,19.0
2023-12-06,5.0,12.0,,16.0,17.0,11.0,18.0,20.0,14.0,,2.0,8.0,13.0,3.0,,,10.0,4.0,7.0,1.0,,,,15.0,,9.0,,6.0,,19.0
2023-12-07,5.0,12.0,,16.0,18.0,13.0,19.0,20.0,14.0,,3.0,8.0,10.0,2.0,,,11.0,4.0,7.0,1.0,,,,15.0,,9.0,,6.0,,17.0
2023-12-08,4.0,13.0,,16.0,18.0,10.0,19.0,20.0,15.0,,3.0,8.0,12.0,2.0,,,11.0,5.0,7.0,1.0,,,,14.0,,9.0,,6.0,,17.0
2023-12-11,4.0,10.0,,16.0,17.0,14.0,18.0,20.0,15.0,,3.0,8.0,11.0,2.0,,,13.0,5.0,6.0,1.0,,,,9.0,,12.0,,7.0,,19.0
2023-12-12,4.0,12.0,,17.0,16.0,14.0,18.0,20.0,15.0,,3.0,8.0,10.0,2.0,,,11.0,5.0,6.0,1.0,,,,9.0,,13.0,,7.0,,19.0
2023-12-13,3.0,10.0,,17.0,13.0,14.0,19.0,20.0,16.0,,4.0,8.0,9.0,2.0,,,12.0,5.0,6.0,1.0,,,,11.0,,15.0,,7.0,,18.0
2023-12-14,2.0,11.0,,16.0,13.0,14.0,19.0,20.0,15.0,,5.0,8.0,9.0,3.0,,,12.0,4.0,6.0,1.0,,,,10.0,,17.0,,7.0,,18.0
2023-12-15,4.0,12.0,,13.0,14.0,15.0,19.0,20.0,17.0,,5.0,8.0,11.0,2.0,,,10.0,3.0,6.0,1.0,,,,9.0,,16.0,,7.0,,18.0
2023-12-18,4.0,15.0,,12.0,13.0,14.0,19.0,20.0,16.0,,5.0,8.0,11.0,2.0,,,10.0,3.0,6.0,1.0,,,,9.0,,17.0,,7.0,,18.0
2023-12-19,5.0,14.0,,12.0,13.0,15.0,19.0,20.0,16.0,,4.0,8.0,10.0,2.0,,,11.0,3.0,6.0,1.0,,,,9.0,,18.0,,7.0,,17.0
2023-12-20,5.0,14.0,,12.0,13.0,16.0,19.0,20.0,17.0,,3.0,8.0,10.0,2.0,,,11.0,4.0,6.0,1.0,,,,9.0,,18.0,,7.0,,15.0
2023-12-21,5.0,13.0,,12.0,14.0,15.0,19.0,20.0,18.0,,4.0,8.0,11.0,2.0,,,10.0,3.0,6.0,1.0,,,,9.0,,17.0,,7.0,,16.0
2023-12-22,4.0,12.0,,10.0,15.0,14.0,19.0,20.0,18.0,,5.0,8.0,11.0,2.0,,,9.0,3.0,6.0,1.0,,,,13.0,,16.0,,7.0,,17.0
2023-12-26,4.0,11.0,,9.0,17.0,14.0,19.0,20.0,18.0,,5.0,8.0,12.0,2.0,,,10.0,3.0,6.0,1.0,,,,13.0,,15.0,,7.0,,16.0
2023-12-27,5.0,7.0,,10.0,16.0,13.0,19.0,20.0,18.0,,4.0,9.0,11.0,2.0,,,12.0,3.0,6.0,1.0,,,,15.0,,14.0,,8.0,,17.0
2023-12-28,4.0,8.0,,10.0,17.0,15.0,19.0,20.0,16.0,,5.0,9.0,12.0,2.0,,,11.0,3.0,6.0,1.0,,,,13.0,,14.0,,7.0,,18.0
2023-12-29,4.0,8.0,,10.0,18.0,15.0,19.0,20.0,17.0,,5.0,9.0,12.0,2.0,,,11.0,3.0,7.0,1.0,,,,13.0,,14.0,,6.0,,16.0
2024-01-01,5.0,8.0,,10.0,18.0,15.0,19.0,20.0,17.0,,4.0,9.0,12.0,2.0,,,11.0,3.0,6.0,1.0,,,,13.0,,14.0,,7.0,,16.0
2024-01-02,5.0,8.0,,9.0,18.0,17.0,19.0,20.0,14.0,,4.0,10.0,11.0,2.0,,,12.0,3.0,7.0,1.0,,,,13.0,,15.0,,6.0,,16.0
2024-01-03,6.0,10.0,,8.0,19.0,17.0,18.0,20.0,14.0,,7.0,9.0,11.0,2.0,,,12.0,3.0,5.0,1.0,,,,13.0,,15.0,,4.0,,16.0
2024-01-04,7.0,11.0,,9.0,19.0,17.0,18.0,20.0,14.0,,4.0,10.0,8.0,2.0,,,12.0,3.0,6.0,1.0,,,,13.0,,15.0,,5.0,,16.0
2024-01-05,7.0,10.0,,9.0,19.0,17.0,18.0,20.0,15.0,,4.0,11.0,8.0,2.0,,,12.0,3.0,5.0,1.0,,,,13.0,,14.0,,6.0,,16.0
2024-01-08,7.0,10.0,,12.0,19.0,16.0,18.0,20.0,15.0,,4.0,9.0,8.0,2.0,,,11.0,3.0,5.0,1.0,,,,13.0,,14.0,,6.0,,17.0
2024-01-09,7.0,11.0,,12.0,19.0,15.0,18.0,20.0,16.0,,3.0,8.0,9.0,4.0,,,10.0,2.0,5.0,1.0,,,,13.0,,14.0,,6.0,,17.0
2024-01-10,7.0,12.0,,11.0,19.0,15.0,17.0,20.0,16.0,,3.0,9.0,10.0,6.0,,,8.0,2.0,4.0,1.0,,,,13.0,,14.0,,5.0,,18.0
2024-01-11,7.0,13.0,,8.0,18.0,15.0,16.0,20.0,17.0,,3.0,9.0,10.0,6.0,,,11.0,2.0,4.0,1.0,,,,12.0,,14.0,,5.0,,19.0
2024-01-12,7.0,12.0,,8.0,18.0,17.0,15.0,20.0,16.0,,3.0,9.0,10.0,6.0,,,11.0,2.0,4.0,1.0,,,,13.0,,14.0,,5.0,,19.0
2024-01-15,7.0,13.0,,8.0,18.0,17.0,14.0,20.0,16.0,,4.0,9.0,10.0,6.0,,,11.0,2.0,3.0,1.0,,,,12.0,,15.0,,5.0,,19.0
2024-01-16,8.0,13.0,,7.0,18.0,16.0,14.0,20.0,17.0,,5.0,9.0,10.0,6.0,,,11.0,2.0,3.0,1.0,,,,12.0,,15.0,,4.0,,19.0
2024-01-17,8.0,12.0,,7.0,19.0,16.0,14.0,20.0,17.0,,6.0,9.0,10.0,5.0,,,11.0,2.0,3.0,1.0,,,,13.0,,15.0,,4.0,,18.0
2024-01-18,10.0,12.0,,7.0,19.0,16.0,14.0,20.0,17.0,,6.0,8.0,9.0,5.0,,,11.0,2.0,3.0,1.0,,,,13.0,,15.0,,4.0,,18.0
2024-01-19,10.0,11.0,,7.0,19.0,15.0,14.0,20.0,17.0,,6.0,8.0,9.0,5.0,,,12.0,2.0,3.0,1.0,,,,13.0,,16.0,,4.0,,18.0
2024-01-23,10.0,11.0,,7.0,19.0,15.0,14.0,20.0,16.0,,5.0,8.0,9.0,6.0,,,12.0,2.0,4.0,1.0,,,,13.0,,17.0,,3.0,,18.0
2024-01-24,11.0,9.0,,7.0,19.0,14.0,16.0,20.0,15.0,,6.0,10.0,8.0,5.0,,,12.0,2.0,4.0,1.0,,,,13.0,,17.0,,3.0,,18.0
2024-01-25,9.0,10.0,,8.0,19.0,15.0,17.0,20.0,14.0,,6.0,11.0,7.0,5.0,,,12.0,2.0,3.0,1.0,,,,13.0,,16.0,,4.0,,18.0
2024-01-29,10.0,12.0,,6.0,19.0,16.0,17.0,20.0,15.0,,5.0,11.0,7.0,8.0,,,9.0,2.0,3.0,1.0,,,,13.0,,14.0,,4.0,,18.0
2024-01-30,10.0,11.0,,7.0,19.0,17.0,15.0,20.0,16.0,,5.0,12.0,8.0,6.0,,,9.0,3.0,2.0,1.0,,,,13.0,,14.0,,4.0,,18.0
2024-01-31,10.0,11.0,,6.0,19.0,17.0,16.0,20.0,15.0,,5.0,13.0,8.0,7.0,,,9.0,4.0,2.0,1.0,,,,14.0,,12.0,,3.0,,18.0
2024-02-01,11.0,12.0,,6.0,19.0,17.0,16.0,20.0,15.0,,3.0,13.0,8.0,7.0,,,9.0,4.0,2.0,1.0,,,,14.0,,10.0,,5.0,,18.0
2024-02-02,11.0,13.0,,5.0,20.0,17.0,15.0,19.0,16.0,,4.0,12.0,8.0,6.0,,,9.0,3.0,2.0,1.0,,,,14.0,,10.0,,7.0,,18.0
2024-02-05,11.0,14.0,,4.0,19.0,18.0,13.0,20.0,16.0,,5.0,12.0,10.0,6.0,,,8.0,3.0,2.0,1.0,,,,15.0,,9.0,,7.0,,17.0
2024-02-06,11.0,14.0,,5.0,19.0,18.0,13.0,20.0,15.0,,4.0,12.0,10.0,6.0,,,9.0,3.0,2.0,1.0,,,,16.0,,8.0,,7.0,,17.0
2024-02-07,9.0,13.0,,5.0,20.0,17.0,15.0,19.0,12.0,,6.0,11.0,10.0,4.0,,,8.0,2.0,3.0,1.0,,,,16.0,,14.0,,7.0,,18.0
2024-02-08,6.0,13.0,,7.0,20.0,17.0,15.0,19.0,12.0,,5.0,11.0,10.0,4.0,,,9.0,2.0,3.0,1.0,,,,16.0,,14.0,,8.0,,18.0
2024-02-09,7.0,14.0,,5.0,20.0,17.0,12.0,19.0,11.0,,6.0,13.0,8.0,4.0,,,9.0,2.0,3.0,1.0,,,,18.0,,15.0,,10.0,,16.0
2024-02-12,7.0,14.0,,5.0,20.0,18.0,12.0,19.0,11.0,,6.0,13.0,8.0,4.0,,,10.0,2.0,3.0,1.0,,,,16.0,,15.0,,9.0,,17.0
2024-02-13,6.0,14.0,,5.0,20.0,17.0,11.0,19.0,12.0,,8.0,13.0,7.0,4.0,,,9.0,2.0,3.0,1.0,,,,16.0,,15.0,,10.0,,18.0
2024-02-14,5.0,13.0,,6.0,20.0,17.0,10.0,19.0,14.0,,7.0,12.0,8.0,4.0,,,9.0,2.0,3.0,1.0,,,,16.0,,15.0,,11.0,,18.0
2024-02-15,7.0,14.0,,5.0,20.0,18.0,11.0,19.0,13.0,,6.0,12.0,8.0,4.0,,,9.0,2.0,3.0,1.0,,,,16.0,,15.0,,10.0,,17.0
2024-02-16,8.0,16.0,,5.0,20.0,19.0,11.0,18.0,13.0,,6.0,12.0,7.0,4.0,,,9.0,1.0,3.0,2.0,,,,14.0,,15.0,,10.0,,17.0
2024-02-19,8.0,16.0,,5.0,20.0,17.0,10.0,19.0,13.0,,6.0,12.0,7.0,4.0,,,9.0,1.0,3.0,2.0,,,,15.0,,14.0,,11.0,,18.0
2024-02-20,8.0,15.0,,4.0,21.0,17.0,12.0,19.0,14.0,,5.0,11.0,7.0,6.0,,10.0,9.0,1.0,3.0,2.0,,,,18.0,,16.0,,13.0,,20.0
2024-02-21,6.0,16.0,,4.0,21.0,14.0,12.0,19.0,17.0,,5.0,11.0,7.0,8.0,,10.0,9.0,1.0,3.0,2.0,,,,18.0,,15.0,,13.0,,20.0
2024-02-22,6.0,17.0,,4.0,21.0,10.0,12.0,19.0,15.0,,5.0,9.0,7.0,8.0,,13.0,11.0,1.0,3.0,2.0,,,,16.0,,18.0,,14.0,,20.0
2024-02-23,7.0,16.0,,5.0,21.0,10.0,12.0,19.0,17.0,,6.0,9.0,8.0,4.0,,14.0,11.0,1.0,3.0,2.0,,,,15.0,,18.0,,13.0,,20.0
2024-02-26,4.0,16.0,,6.0,21.0,11.0,14.0,19.0,18.0,,5.0,9.0,8.0,7.0,,12.0,10.0,1.0,3.0,2.0,,,,15.0,,17.0,,13.0,,20.0
2024-02-27,5.0,18.0,,7.0,21.0,11.0,13.0,19.0,15.0,,6.0,9.0,8.0,4.0,,12.0,10.0,1.0,3.0,2.0,,,,17.0,,16.0,,14.0,,20.0
2024-02-28,6.0,17.0,,7.0,21.0,11.0,12.0,19.0,15.0,,5.0,8.0,9.0,4.0,,14.0,10.0,1.0,3.0,2.0,,,,18.0,,16.0,,13.0,,20.0
2024-02-29,5.0,16.0,,6.0,21.0,12.0,13.0,18.0,15.0,,7.0,8.0,9.0,3.0,,14.0,11.0,1.0,4.0,2.0,,,,17.0,,19.0,,10.0,,20.0
2024-03-01,5.0,16.0,,6.0,21.0,11.0,14.0,17.0,15.0,,7.0,9.0,8.0,2.0,,13.0,10.0,1.0,4.0,3.0,,,,18.0,,19.0,,12.0,,20.0
2024-03-04,5.0,19.0,,7.0,21.0,11.0,14.0,16.0,15.0,,6.0,9.0,8.0,2.0,,12.0,10.0,1.0,4.0,3.0,,,,17.0,,18.0,,13.0,,20.0
2024-03-05,5.0,19.0,,7.0,21.0,11.0,14.0,15.0,16.0,,6.0,9.0,8.0,2.0,,12.0,10.0,1.0,4.0,3.0,,,,17.0,,18.0,,13.0,,20.0
2024-03-06,5.0,19.0,,8.0,21.0,12.0,14.0,17.0,15.0,,6.0,9.0,10.0,2.0,,11.0,7.0,1.0,4.0,3.0,,,,16.0,,18.0,,13.0,,20.0
2024-03-07,5.0,19.0,,7.0,21.0,8.0,14.0,18.0,15.0,,6.0,9.0,11.0,2.0,,12.0,10.0,1.0,4.0,3.0,,,,16.0,,17.0,,13.0,,20.0
2024-03-11,5.0,19.0,,9.0,21.0,7.0,14.0,18.0,16.0,,6.0,8.0,12.0,2.0,,10.0,11.0,1.0,4.0,3.0,,,,17.0,,15.0,,13.0,,20.0
2024-03-12,5.0,18.0,,8.0,21.0,6.0,14.0,16.0,19.0,,7.0,13.0,12.0,2.0,,9.0,10.0,1.0,4.0,3.0,,,,17.0,,15.0,,11.0,,20.0
2024-03-13,5.0,16.0,,9.0,21.0,6.0,10.0,17.0,19.0,,7.0,13.0,11.0,2.0,,14.0,12.0,1.0,4.0,3.0,,,,18.0,,15.0,,8.0,,20.0
2024-03-14,5.0,16.0,,9.0,21.0,7.0,11.0,18.0,20.0,,6.0,14.0,13.0,2.0,,8.0,10.0,1.0,3.0,4.0,,,,17.0,,15.0,,12.0,,19.0
2024-03-15,5.0,19.0,,13.0,21.0,7.0,12.0,16.0,17.0,,6.0,14.0,11.0,2.0,,8.0,9.0,1.0,3.0,4.0,,,,20.0,,15.0,,10.0,,18.0
2024-03-18,6.0,18.0,,7.0,21.0,8.0,9.0,17.0,19.0,,5.0,14.0,11.0,2.0,,13.0,12.0,1.0,3.0,4.0,,,,20.0,,15.0,,10.0,,16.0
2024-03-19,6.0,17.0,,8.0,21.0,7.0,10.0,16.0,18.0,,4.0,14.0,12.0,1.0,,13.0,11.0,2.0,3.0,5.0,,,,20.0,,15.0,,9.0,,19.0
2024-03-20,7.0,16.0,,10.0,21.0,6.0,11.0,17.0,20.0,,5.0,14.0,12.0,2.0,,9.0,8.0,1.0,3.0,4.0,,,,19.0,,15.0,,13.0,,18.0
2024-03-21,7.0,16.0,,8.0,21.0,6.0,10.0,17.0,20.0,,5.0,14.0,12.0,1.0,,13.0,9.0,2.0,3.0,4.0,,,,18.0,,15.0,,11.0,,19.0
2024-03-22,7.0,16.0,,8.0,21.0,5.0,13.0,19.0,20.0,,6.0,14.0,11.0,1.0,,12.0,10.0,2.0,3.0,4.0,,,,17.0,,15.0,,9.0,,18.0
2024-03-26,9.0,16.0,,8.0,21.0,6.0,13.0,17.0,20.0,,5.0,14.0,12.0,1.0,,11.0,10.0,2.0,3.0,4.0,,,,18.0,,15.0,,7.0,,19.0
2024-03-27,7.0,16.0,,9.0,21.0,5.0,13.0,18.0,20.0,,4.0,15.0,11.0,1.0,,12.0,10.0,2.0,3.0,6.0,,,,19.0,,14.0,,8.0,,17.0
2024-03-28,7.0,16.0,,8.0,21.0,5.0,13.0,17.0,20.0,,4.0,15.0,11.0,1.0,,12.0,10.0,2.0,3.0,6.0,,,,19.0,,14.0,,9.0,,18.0
2024-04-01,8.0,20.0,,7.0,21.0,5.0,13.0,16.0,18.0,,4.0,15.0,12.0,1.0,,10.0,11.0,2.0,3.0,6.0,,,,17.0,,14.0,,9.0,,19.0
2024-04-02,9.0,20.0,,7.0,21.0,6.0,13.0,15.0,17.0,,5.0,16.0,10.0,1.0,,11.0,12.0,2.0,3.0,4.0,,,,18.0,,14.0,,8.0,,19.0
2024-04-03,7.0,20.0,,8.0,21.0,6.0,13.0,15.0,17.0,,5.0,16.0,12.0,1.0,,10.0,11.0,2.0,3.0,4.0,,,,18.0,,14.0,,9.0,,19.0
2024-04-04,7.0,20.0,,8.0,21.0,6.0,13.0,15.0,17.0,,5.0,16.0,10.0,1.0,,9.0,11.0,2.0,4.0,3.0,,,,18.0,,14.0,,12.0,,19.0
2024-04-05,8.0,20.0,,7.0,21.0,5.0,13.0,14.0,16.0,,6.0,17.0,11.0,1.0,,9.0,10.0,2.0,3.0,4.0,,,,19.0,,15.0,,12.0,,18.0
2024-04-08,7.0,20.0,,8.0,21.0,3.0,14.0,15.0,16.0,,6.0,17.0,11.0,1.0,,10.0,9.0,2.0,4.0,5.0,,,,19.0,,13.0,,12.0,,18.0
2024-04-09,7.0,20.0,,8.0,21.0,6.0,14.0,15.0,16.0,,4.0,17.0,11.0,1.0,,10.0,9.0,2.0,5.0,3.0,,,,19.0,,13.0,,12.0,,18.0
2024-04-10,8.0,20.0,,7.0,21.0,4.0,13.0,14.0,17.0,,3.0,16.0,11.0,1.0,,9.0,10.0,2.0,6.0,5.0,,,,19.0,,15.0,,12.0,,18.0
2024-04-12,8.0,20.0,,7.0,21.0,4.0,13.0,14.0,17.0,,3.0,16.0,11.0,1.0,,9.0,10.0,2.0,5.0,6.0,,,,19.0,,15.0,,12.0,,18.0
2024-04-15,8.0,20.0,,7.0,21.0,4.0,14.0,15.0,17.0,,6.0,13.0,12.0,1.0,,9.0,10.0,2.0,5.0,3.0,,,,19.0,,16.0,,11.0,,18.0
2024-04-16,8.0,20.0,,7.0,21.0,5.0,15.0,14.0,17.0,,6.0,13.0,11.0,1.0,,9.0,10.0,2.0,4.0,3.0,,,,19.0,,16.0,,12.0,,18.0
2024-04-18,5.0,20.0,,7.0,21.0,8.0,14.0,15.0,17.0,,6.0,13.0,10.0,1.0,,9.0,11.0,2.0,4.0,3.0,,,,18.0,,16.0,,12.0,,19.0
2024-04-19,6.0,20.0,,8.0,21.0,7.0,14.0,15.0,17.0,,5.0,13.0,12.0,1.0,,9.0,10.0,2.0,4.0,3.0,,,,18.0,,16.0,,11.0,,19.0
2024-04-22,7.0,20.0,,8.0,21.0,6.0,13.0,16.0,17.0,,5.0,14.0,12.0,1.0,,9.0,10.0,2.0,4.0,3.0,,,,19.0,,15.0,,11.0,,18.0
2024-04-23,8.0,21.0,,6.0,20.0,7.0,16.0,13.0,14.0,,5.0,15.0,11.0,1.0,,9.0,10.0,2.0,4.0,3.0,,,,19.0,,17.0,,12.0,,18.0
2024-04-24,8.0,21.0,,6.0,20.0,7.0,16.0,14.0,15.0,,5.0,13.0,10.0,1.0,,9.0,11.0,2.0,4.0,3.0,,,,19.0,,17.0,,12.0,,18.0
2024-04-25,6.0,21.0,,7.0,20.0,8.0,16.0,12.0,15.0,,5.0,13.0,11.0,1.0,,9.0,10.0,2.0,4.0,3.0,,,,19.0,,17.0,,14.0,,18.0
2024-04-26,8.0,20.0,,7.0,21.0,6.0,16.0,11.0,15.0,,4.0,12.0,13.0,1.0,,9.0,10.0,2.0,5.0,3.0,,,,18.0,,17.0,,14.0,,19.0
2024-04-29,8.0,21.0,,7.0,20.0,6.0,15.0,10.0,16.0,,4.0,14.0,13.0,1.0,,9.0,11.0,2.0,5.0,3.0,,,,18.0,,17.0,,12.0,,19.0
2024-04-30,8.0,21.0,,7.0,20.0,6.0,15.0,13.0,16.0,,3.0,14.0,10.0,1.0,,9.0,12.0,2.0,5.0,4.0,,,,18.0,,17.0,,11.0,,19.0
2024-05-02,8.0,21.0,,7.0,20.0,6.0,16.0,10.0,15.0,,4.0,14.0,11.0,1.0,,9.0,12.0,2.0,5.0,3.0,,,,18.0,,17.0,,13.0,,19.0
2024-05-03,8.0,21.0,,7.0,20.0,6.0,16.0,11.0,15.0,,4.0,14.0,12.0,1.0,,9.0,13.0,2.0,5.0,3.0,,,,18.0,,17.0,,10.0,,19.0
2024-05-06,8.0,20.0,,6.0,21.0,5.0,16.0,11.0,15.0,,4.0,14.0,12.0,2.0,,9.0,13.0,1.0,7.0,3.0,,,,18.0,,17.0,,10.0,,19.0
2024-05-07,8.0,21.0,,7.0,20.0,3.0,16.0,12.0,15.0,,4.0,14.0,11.0,2.0,,10.0,13.0,1.0,5.0,6.0,,,,19.0,,17.0,,9.0,,18.0
2024-05-08,8.0,21.0,,7.0,17.0,4.0,16.0,12.0,15.0,,3.0,13.0,11.0,2.0,,10.0,14.0,1.0,5.0,6.0,,,,20.0,,18.0,,9.0,,19.0
2024-05-09,8.0,21.0,,7.0,17.0,3.0,16.0,13.0,15.0,,2.0,12.0,10.0,5.0,,11.0,14.0,1.0,6.0,4.0,,,,20.0,,18.0,,9.0,,19.0
2024-05-10,8.0,21.0,,7.0,17.0,3.0,16.0,12.0,15.0,,2.0,14.0,11.0,4.0,,9.0,13.0,1.0,6.0,5.0,,,,19.0,,20.0,,10.0,,18.0
2024-05-13,8.0,21.0,,7.0,17.0,1.0,15.0,12.0,16.0,,3.0,14.0,13.0,6.0,,9.0,11.0,2.0,4.0,5.0,,,,20.0,,19.0,,10.0,,18.0
2024-05-14,7.0,21.0,,8.0,17.0,2.0,16.0,13.0,15.0,,3.0,14.0,12.0,5.0,,11.0,9.0,1.0,4.0,6.0,,,,19.0,,20.0,,10.0,,18.0
2024-05-15,7.0,21.0,,13.0,17.0,2.0,16.0,12.0,14.0,,3.0,15.0,9.0,6.0,,11.0,8.0,1.0,4.0,5.0,,,,20.0,,19.0,,10.0,,18.0
2024-05-16,7.0,21.0,,13.0,17.0,1.0,16.0,12.0,14.0,,3.0,15.0,10.0,6.0,,9.0,8.0,2.0,4.0,5.0,,,,20.0,,19.0,,11.0,,18.0
2024-05-17,7.0,21.0,,13.0,17.0,1.0,19.0,12.0,14.0,,3.0,15.0,9.0,4.0,,8.0,10.0,2.0,5.0,6.0,,,,16.0,,20.0,,11.0,,18.0
2024-05-21,7.0,21.0,,14.0,18.0,1.0,17.0,12.0,11.0,,4.0,16.0,10.0,3.0,,8.0,9.0,2.0,5.0,6.0,,,,15.0,,20.0,,13.0,,19.0
2024-05-22,7.0,21.0,,14.0,18.0,1.0,17.0,12.0,11.0,,3.0,15.0,10.0,4.0,,8.0,9.0,2.0,6.0,5.0,,,,16.0,,20.0,,13.0,,19.0
2024-05-23,8.0,21.0,,14.0,19.0,2.0,17.0,13.0,12.0,,5.0,15.0,10.0,6.0,,9.0,7.0,1.0,4.0,3.0,,,,16.0,,20.0,,11.0,,18.0
2024-05-24,8.0,21.0,,15.0,18.0,2.0,17.0,12.0,11.0,,4.0,16.0,10.0,6.0,,9.0,7.0,1.0,5.0,3.0,,,,14.0,,20.0,,13.0,,19.0
2024-05-27,7.0,21.0,,16.0,18.0,2.0,17.0,13.0,11.0,,5.0,15.0,10.0,6.0,,9.0,8.0,1.0,4.0,3.0,,,,14.0,,20.0,,12.0,,19.0
2024-05-28,7.0,17.0,,14.0,18.0,2.0,19.0,11.0,12.0,,3.0,15.0,10.0,6.0,,9.0,8.0,1.0,5.0,4.0,,,,16.0,,20.0,,13.0,,21.0
2024-05-29,9.0,18.0,,14.0,21.0,2.0,17.0,12.0,10.0,,3.0,15.0,11.0,6.0,,8.0,7.0,1.0,4.0,5.0,,,,16.0,,20.0,,13.0,,19.0
2024-05-30,9.0,16.0,,15.0,21.0,2.0,18.0,12.0,10.0,,6.0,14.0,11.0,5.0,,7.0,8.0,1.0,4.0,3.0,,,,17.0,,19.0,,13.0,,20.0
2024-05-31,9.0,16.0,,15.0,18.0,2.0,17.0,12.0,11.0,,6.0,14.0,10.0,5.0,,8.0,7.0,1.0,4.0,3.0,,,,20.0,,19.0,,13.0,,21.0
2024-06-03,10.0,16.0,,15.0,17.0,3.0,18.0,11.0,12.0,,5.0,13.0,9.0,6.0,,7.0,8.0,2.0,4.0,1.0,,,,19.0,,21.0,,14.0,,20.0
2024-06-04,7.0,17.0,,15.0,20.0,2.0,16.0,11.0,13.0,,4.0,14.0,10.0,6.0,,8.0,9.0,3.0,5.0,1.0,,,,21.0,,19.0,,12.0,,18.0
2024-06-05,7.0,17.0,,14.0,19.0,1.0,15.0,11.0,8.0,,6.0,12.0,10.0,3.0,,16.0,9.0,2.0,5.0,4.0,,,,21.0,,20.0,,13.0,,18.0
2024-06-06,7.0,18.0,,16.0,17.0,1.0,14.0,9.0,8.0,,5.0,12.0,11.0,4.0,,15.0,10.0,2.0,6.0,3.0,,,,20.0,,21.0,,13.0,,19.0
2024-06-07,7.0,19.0,,17.0,15.0,1.0,16.0,9.0,8.0,,5.0,12.0,11.0,4.0,,14.0,10.0,2.0,6.0,3.0,,,,20.0,,21.0,,13.0,,18.0
2024-06-10,9.0,19.0,,16.0,14.0,1.0,17.0,8.0,7.0,,6.0,12.0,11.0,3.0,,15.0,10.0,2.0,5.0,4.0,,,,20.0,,21.0,,13.0,,18.0
2024-06-11,10.0,17.0,,16.0,11.0,1.0,15.0,9.0,7.0,,6.0,8.0,13.0,2.0,,18.0,12.0,3.0,5.0,4.0,,,,20.0,,21.0,,14.0,,19.0
2024-06-12,10.0,16.0,,15.0,11.0,2.0,14.0,8.0,7.0,,3.0,5.0,13.0,1.0,,21.0,19.0,9.0,6.0,4.0,,,,18.0,,20.0,,12.0,,17.0
2024-06-13,12.0,14.0,,15.0,11.0,2.0,13.0,5.0,7.0,,3.0,4.0,10.0,1.0,,21.0,18.0,16.0,6.0,8.0,,,,19.0,,20.0,,9.0,,17.0
2024-06-14,9.0,15.0,,14.0,11.0,1.0,13.0,5.0,7.0,,3.0,4.0,10.0,2.0,,21.0,16.0,18.0,6.0,8.0,,,,19.0,,20.0,,12.0,,17.0
2024-06-18,11.0,15.0,,13.0,9.0,1.0,14.0,5.0,7.0,,3.0,4.0,12.0,2.0,,21.0,16.0,17.0,6.0,8.0,,,,20.0,,19.0,,10.0,,18.0
2024-06-19,9.0,16.0,,13.0,10.0,2.0,15.0,4.0,8.0,,3.0,5.0,12.0,1.0,,21.0,18.0,14.0,6.0,7.0,,,,20.0,,17.0,,11.0,,19.0
2024-06-20,9.0,15.0,,10.0,13.0,2.0,16.0,4.0,8.0,,3.0,6.0,14.0,1.0,,21.0,19.0,12.0,7.0,5.0,,,,20.0,,17.0,,11.0,,18.0
2024-06-21,11.0,14.0,,12.0,13.0,2.0,17.0,4.0,8.0,,3.0,6.0,15.0,1.0,,21.0,19.0,10.0,7.0,5.0,,,,20.0,,18.0,,9.0,,16.0
2024-06-24,12.0,11.0,,10.0,13.0,3.0,17.0,4.0,7.0,,1.0,5.0,18.0,2.0,,21.0,19.0,14.0,8.0,6.0,,,,20.0,,16.0,,9.0,,15.0
2024-06-25,9.0,11.0,,15.0,12.0,3.0,13.0,4.0,6.0,,1.0,5.0,17.0,2.0,,21.0,20.0,14.0,7.0,8.0,,,,19.0,,16.0,,10.0,,18.0
2024-06-26,7.0,13.0,,18.0,12.0,3.0,11.0,4.0,5.0,,1.0,6.0,16.0,2.0,,21.0,20.0,15.0,8.0,9.0,,,,19.0,,14.0,,10.0,,17.0
2024-06-27,4.0,14.0,,17.0,10.0,3.0,13.0,5.0,7.0,,1.0,8.0,12.0,2.0,,21.0,19.0,15.0,6.0,9.0,,,,20.0,,16.0,,11.0,,18.0
2024-06-28,4.0,15.0,,16.0,12.0,2.0,11.0,5.0,7.0,,1.0,9.0,10.0,3.0,,21.0,18.0,13.0,6.0,8.0,,,,19.0,,17.0,,14.0,,20.0
2024-07-01,4.0,13.0,,16.0,11.0,2.0,12.0,5.0,6.0,,1.0,9.0,10.0,3.0,,21.0,18.0,17.0,7.0,8.0,,,,20.0,,15.0,,14.0,,19.0
2024-07-02,6.0,12.0,,14.0,11.0,2.0,13.0,5.0,4.0,,1.0,9.0,10.0,3.0,,21.0,19.0,16.0,7.0,8.0,,,,20.0,,15.0,,17.0,,18.0
2024-07-03,7.0,12.0,,17.0,11.0,2.0,13.0,4.0,5.0,,1.0,9.0,10.0,3.0,,21.0,19.0,20.0,6.0,8.0,,,,18.0,,14.0,,15.0,,16.0
2024-07-04,8.0,20.0,,16.0,12.0,2.0,11.0,6.0,4.0,,1.0,7.0,10.0,3.0,,21.0,18.0,19.0,5.0,9.0,,,,17.0,,13.0,,15.0,,14.0
2024-07-05,8.0,17.0,,16.0,12.0,1.0,11.0,6.0,4.0,,2.0,7.0,10.0,3.0,,21.0,19.0,18.0,5.0,9.0,,,,20.0,,14.0,,15.0,,13.0
2024-07-08,7.0,19.0,,18.0,12.0,1.0,10.0,8.0,5.0,,2.0,6.0,11.0,3.0,,21.0,17.0,16.0,4.0,9.0,,,,20.0,,13.0,,15.0,,14.0
2024-07-09,4.0,15.0,,17.0,13.0,1.0,10.0,8.0,5.0,,2.0,7.0,11.0,3.0,,21.0,19.0,16.0,6.0,9.0,,,,18.0,,12.0,,20.0,,14.0
2024-07-10,4.0,15.0,,17.0,13.0,1.0,10.0,8.0,9.0,,2.0,6.0,12.0,3.0,,21.0,19.0,16.0,7.0,5.0,,,,18.0,,11.0,,20.0,,14.0
2024-07-11,4.0,12.0,,17.0,14.0,1.0,11.0,8.0,7.0,,2.0,5.0,13.0,3.0,,21.0,19.0,18.0,6.0,9.0,,,,16.0,,10.0,,20.0,,15.0
2024-07-12,4.0,12.0,,16.0,14.0,1.0,11.0,8.0,7.0,,3.0,5.0,13.0,2.0,,21.0,19.0,18.0,6.0,9.0,,,,17.0,,10.0,,20.0,,15.0
2024-07-15,3.0,12.0,,15.0,13.0,1.0,10.0,8.0,6.0,,4.0,5.0,14.0,2.0,,21.0,19.0,18.0,7.0,9.0,,,,17.0,,11.0,,20.0,,16.0
2024-07-16,5.0,14.0,,13.0,16.0,1.0,10.0,9.0,6.0,,4.0,3.0,15.0,2.0,,21.0,18.0,19.0,8.0,7.0,,,,17.0,,12.0,,20.0,,11.0
2024-07-18,4.0,16.0,,11.0,15.0,1.0,10.0,8.0,6.0,,5.0,3.0,12.0,2.0,,21.0,20.0,19.0,9.0,7.0,,,,17.0,,13.0,,18.0,,14.0
2024-07-19,4.0,13.0,,15.0,16.0,1.0,12.0,8.0,5.0,,6.0,3.0,10.0,2.0,,21.0,20.0,19.0,9.0,7.0,,,,18.0,,11.0,,17.0,,14.0
2024-07-22,3.0,11.0,,14.0,13.0,1.0,15.0,9.0,6.0,,5.0,4.0,12.0,2.0,,21.0,20.0,19.0,8.0,7.0,,,,16.0,,10.0,,18.0,,17.0
2024-07-23,3.0,10.0,,14.0,13.0,1.0,15.0,9.0,6.0,,4.0,5.0,12.0,2.0,,21.0,20.0,19.0,8.0,7.0,,,,18.0,,11.0,,16.0,,17.0
2024-07-24,4.0,11.0,,13.0,14.0,1.0,16.0,9.0,6.0,,2.0,5.0,12.0,3.0,,21.0,20.0,19.0,8.0,7.0,,,,15.0,,10.0,,17.0,,18.0
2024-07-25,4.0,14.0,,10.0,12.0,2.0,16.0,9.0,6.0,,1.0,5.0,13.0,3.0,,21.0,20.0,17.0,8.0,7.0,,,,15.0,,11.0,,19.0,,18.0
2024-07-26,3.0,16.0,,10.0,13.0,2.0,15.0,9.0,5.0,,1.0,6.0,12.0,4.0,,21.0,20.0,17.0,8.0,7.0,,,,14.0,,11.0,,19.0,,18.0
2024-07-29,3.0,13.0,,12.0,16.0,1.0,18.0,9.0,5.0,,2.0,6.0,15.0,4.0,,,20.0,14.0,8.0,7.0,,,,11.0,,10.0,,19.0,,17.0
2024-07-30,1.0,11.0,,19.0,15.0,3.0,18.0,9.0,5.0,,2.0,6.0,16.0,4.0,,21.0,20.0,13.0,8.0,7.0,,,,12.0,,10.0,,14.0,,17.0
2024-07-31,1.0,13.0,,15.0,18.0,3.0,17.0,8.0,5.0,,2.0,6.0,14.0,4.0,,21.0,20.0,19.0,9.0,7.0,,,,10.0,,11.0,,12.0,,16.0
2024-08-01,1.0,15.0,,17.0,19.0,3.0,18.0,9.0,6.0,,2.0,4.0,20.0,5.0,,11.0,21.0,16.0,7.0,8.0,,,,13.0,,14.0,,10.0,,12.0
2024-08-02,1.0,14.0,,15.0,19.0,3.0,17.0,10.0,7.0,,2.0,5.0,21.0,4.0,,13.0,20.0,18.0,6.0,8.0,,,,12.0,,16.0,,9.0,,11.0
2024-08-05,1.0,13.0,,15.0,17.0,2.0,14.0,9.0,6.0,,3.0,4.0,21.0,5.0,,18.0,20.0,19.0,8.0,11.0,,,,12.0,,16.0,,7.0,,10.0
2024-08-06,1.0,13.0,,15.0,17.0,2.0,16.0,11.0,7.0,,3.0,5.0,21.0,4.0,,18.0,20.0,19.0,8.0,9.0,,,,10.0,,14.0,,6.0,,12.0
2024-08-07,2.0,14.0,,13.0,15.0,1.0,16.0,10.0,7.0,,3.0,4.0,21.0,6.0,,19.0,20.0,18.0,8.0,11.0,,,,12.0,,17.0,,5.0,,9.0
2024-08-08,2.0,14.0,,13.0,15.0,1.0,17.0,9.0,7.0,,3.0,4.0,21.0,6.0,,19.0,20.0,16.0,10.0,11.0,,,,12.0,,18.0,,5.0,,8.0
2024-08-09,2.0,14.0,,13.0,15.0,1.0,20.0,12.0,7.0,,4.0,3.0,21.0,6.0,,18.0,19.0,16.0,11.0,10.0,,,,8.0,,17.0,,5.0,,9.0
2024-08-12,2.0,14.0,,15.0,12.0,1.0,20.0,13.0,8.0,,3.0,4.0,21.0,6.0,,18.0,19.0,17.0,11.0,9.0,,,,7.0,,16.0,,5.0,,10.0
2024-08-13,2.0,13.0,,20.0,10.0,1.0,18.0,12.0,9.0,,3.0,4.0,21.0,7.0,,16.0,19.0,15.0,11.0,8.0,,,,6.0,,17.0,,5.0,,14.0
2024-08-14,2.0,15.0,,21.0,10.0,1.0,18.0,14.0,7.0,,4.0,3.0,20.0,13.0,,16.0,19.0,17.0,9.0,8.0,,,,6.0,,12.0,,5.0,,11.0
2024-08-16,2.0,15.0,,20.0,10.0,1.0,17.0,12.0,8.0,,4.0,3.0,21.0,14.0,,16.0,19.0,18.0,9.0,7.0,,,,6.0,,11.0,,5.0,,13.0
2024-08-19,2.0,15.0,,20.0,11.0,1.0,17.0,14.0,7.0,,4.0,3.0,21.0,9.0,,16.0,19.0,18.0,10.0,8.0,,,,5.0,,12.0,,6.0,,13.0
2024-08-20,2.0,15.0,,20.0,10.0,1.0,18.0,9.0,7.0,,4.0,3.0,21.0,12.0,,17.0,19.0,16.0,11.0,8.0,,,,5.0,,14.0,,6.0,,13.0
2024-08-21,4.0,13.0,,20.0,10.0,1.0,18.0,9.0,7.0,,2.0,3.0,21.0,14.0,,17.0,19.0,16.0,12.0,8.0,,,,5.0,,15.0,,6.0,,11.0
2024-08-22,4.0,13.0,,20.0,12.0,1.0,18.0,8.0,7.0,,2.0,3.0,21.0,14.0,,16.0,19.0,17.0,11.0,9.0,,,,6.0,,15.0,,5.0,,10.0
2024-08-23,4.0,13.0,,20.0,11.0,1.0,17.0,8.0,7.0,,2.0,3.0,21.0,15.0,,16.0,19.0,18.0,12.0,9.0,,,,6.0,,14.0,,5.0,,10.0
2024-08-26,3.0,13.0,,20.0,9.0,1.0,16.0,8.0,6.0,,2.0,4.0,21.0,15.0,,17.0,19.0,18.0,14.0,10.0,,,,5.0,,11.0,,7.0,,12.0
2024-08-27,3.0,10.0,,19.0,11.0,1.0,16.0,9.0,7.0,,2.0,4.0,20.0,15.0,,,18.0,17.0,13.0,12.0,,,,5.0,,14.0,,6.0,,8.0
2024-08-28,3.0,12.0,,20.0,10.0,1.0,16.0,9.0,7.0,,2.0,4.0,21.0,15.0,,18.0,19.0,17.0,13.0,11.0,,,,6.0,,14.0,,5.0,,8.0
2024-08-29,3.0,12.0,,20.0,11.0,2.0,16.0,9.0,7.0,,1.0,5.0,21.0,15.0,,18.0,19.0,17.0,13.0,10.0,,,,6.0,,14.0,,4.0,,8.0
2024-08-30,4.0,10.0,,20.0,12.0,5.0,16.0,9.0,7.0,,1.0,2.0,21.0,11.0,,18.0,19.0,17.0,14.0,15.0,,,,6.0,,13.0,,3.0,,8.0
2024-09-02,3.0,11.0,,19.0,12.0,5.0,16.0,9.0,7.0,,1.0,2.0,21.0,15.0,,18.0,20.0,17.0,14.0,10.0,,,,6.0,,13.0,,4.0,,8.0
2024-09-03,6.0,11.0,,18.0,12.0,4.0,16.0,9.0,7.0,,1.0,2.0,20.0,14.0,,21.0,19.0,17.0,15.0,13.0,,,,5.0,,10.0,,3.0,,8.0
2024-09-04,3.0,13.0,,20.0,9.0,6.0,15.0,10.0,8.0,,1.0,5.0,21.0,16.0,,18.0,19.0,17.0,14.0,12.0,,,,4.0,,11.0,,2.0,,7.0
2024-09-05,3.0,13.0,,18.0,9.0,7.0,16.0,10.0,8.0,,1.0,5.0,19.0,15.0,,21.0,20.0,17.0,14.0,12.0,,,,4.0,,11.0,,2.0,,6.0
2024-09-06,2.0,13.0,,20.0,9.0,7.0,15.0,11.0,8.0,,1.0,6.0,18.0,16.0,,19.0,21.0,17.0,14.0,12.0,,,,5.0,,10.0,,3.0,,4.0
2024-09-09,4.0,13.0,,20.0,9.0,7.0,15.0,10.0,8.0,,1.0,6.0,18.0,21.0,,17.0,19.0,16.0,14.0,12.0,,,,5.0,,11.0,,2.0,,3.0
2024-09-10,4.0,11.0,,20.0,9.0,8.0,14.0,12.0,7.0,,1.0,5.0,19.0,18.0,,17.0,21.0,16.0,15.0,13.0,,,,6.0,,10.0,,2.0,,3.0
2024-09-11,4.0,10.0,,21.0,9.0,8.0,13.0,12.0,7.0,,1.0,5.0,18.0,19.0,,16.0,20.0,17.0,15.0,14.0,,,,6.0,,11.0,,2.0,,3.0
2024-09-12,3.0,12.0,,21.0,9.0,8.0,15.0,10.0,6.0,,1.0,5.0,18.0,20.0,,17.0,19.0,16.0,14.0,13.0,,,,7.0,,11.0,,2.0,,4.0
2024-09-13,2.0,11.0,,21.0,9.0,8.0,15.0,10.0,6.0,,1.0,5.0,16.0,20.0,,19.0,18.0,17.0,14.0,13.0,,,,7.0,,12.0,,3.0,,4.0
2024-09-16,2.0,11.0,,21.0,9.0,8.0,15.0,10.0,5.0,,1.0,7.0,18.0,16.0,,20.0,19.0,17.0,14.0,13.0,,,,6.0,,12.0,,4.0,,3.0
2024-09-17,3.0,12.0,,21.0,9.0,8.0,15.0,10.0,4.0,,1.0,5.0,18.0,16.0,,19.0,20.0,17.0,14.0,11.0,,,,6.0,,13.0,,7.0,,2.0
2024-09-18,5.0,14.0,,21.0,9.0,8.0,19.0,10.0,2.0,,1.0,4.0,17.0,11.0,,18.0,20.0,16.0,15.0,12.0,,,,6.0,,13.0,,7.0,,3.0
2024-09-19,4.0,12.0,,21.0,8.0,9.0,17.0,10.0,2.0,,1.0,5.0,18.0,15.0,,20.0,19.0,16.0,14.0,11.0,,,,7.0,,13.0,,6.0,,3.0
2024-09-20,4.0,12.0,,21.0,9.0,8.0,17.0,10.0,3.0,,1.0,2.0,18.0,14.0,,19.0,20.0,16.0,15.0,11.0,,,,6.0,,13.0,,7.0,,5.0
2024-09-23,4.0,12.0,,21.0,9.0,8.0,19.0,10.0,2.0,,1.0,3.0,17.0,15.0,,18.0,20.0,16.0,14.0,11.0,,,,5.0,,13.0,,7.0,,6.0
2024-09-24,4.0,13.0,,21.0,9.0,8.0,20.0,10.0,2.0,,1.0,3.0,18.0,16.0,,17.0,19.0,15.0,14.0,11.0,,,,5.0,,12.0,,6.0,,7.0
2024-09-25,6.0,13.0,,21.0,9.0,8.0,17.0,10.0,2.0,,1.0,3.0,19.0,15.0,,18.0,20.0,16.0,14.0,11.0,,,,7.0,,12.0,,4.0,,5.0
2024-09-26,4.0,12.0,,21.0,8.0,9.0,16.0,10.0,2.0,,1.0,3.0,19.0,20.0,,17.0,18.0,15.0,13.0,11.0,,,,6.0,,14.0,,7.0,,5.0
2024-09-27,4.0,12.0,,21.0,10.0,8.0,15.0,9.0,2.0,,1.0,3.0,18.0,17.0,,20.0,19.0,16.0,13.0,11.0,,,,7.0,,14.0,,6.0,,5.0
2024-09-30,3.0,13.0,,21.0,8.0,9.0,15.0,10.0,2.0,,1.0,4.0,16.0,19.0,,20.0,18.0,17.0,14.0,11.0,,,,6.0,,12.0,,7.0,,5.0
2024-10-01,5.0,14.0,,21.0,8.0,10.0,15.0,9.0,2.0,,1.0,3.0,17.0,20.0,,18.0,19.0,16.0,13.0,11.0,,,,6.0,,12.0,,7.0,,4.0
2024-10-03,7.0,12.0,,21.0,8.0,10.0,15.0,9.0,2.0,,1.0,3.0,16.0,20.0,,17.0,19.0,18.0,14.0,11.0,,,,5.0,,13.0,,6.0,,4.0
2024-10-04,6.0,12.0,,21.0,9.0,10.0,14.0,8.0,4.0,,1.0,3.0,16.0,20.0,,19.0,17.0,18.0,15.0,11.0,,,,7.0,,13.0,,5.0,,2.0
2024-10-07,5.0,10.0,,21.0,8.0,9.0,13.0,11.0,7.0,,1.0,3.0,18.0,20.0,,19.0,17.0,16.0,15.0,12.0,,,,6.0,,14.0,,4.0,,2.0
2024-10-08,7.0,10.0,,21.0,9.0,8.0,12.0,11.0,5.0,,2.0,4.0,19.0,20.0,,18.0,16.0,17.0,15.0,14.0,,,,6.0,,13.0,,3.0,,1.0
2024-10-09,7.0,10.0,,21.0,9.0,8.0,12.0,11.0,6.0,,2.0,4.0,18.0,20.0,,19.0,16.0,17.0,14.0,15.0,,,,5.0,,13.0,,3.0,,1.0
2024-10-10,6.0,9.0,,21.0,12.0,8.0,11.0,10.0,7.0,,2.0,4.0,19.0,20.0,,18.0,16.0,17.0,13.0,14.0,,,,5.0,,15.0,,3.0,,1.0
2024-10-11,6.0,9.0,,21.0,12.0,8.0,10.0,11.0,7.0,,3.0,5.0,19.0,20.0,,18.0,16.0,17.0,14.0,13.0,,,,4.0,,15.0,,2.0,,1.0
2024-10-14,5.0,9.0,,21.0,12.0,8.0,10.0,11.0,7.0,,3.0,6.0,18.0,20.0,,19.0,16.0,17.0,13.0,14.0,,,,4.0,,15.0,,2.0,,1.0
2024-10-15,4.0,9.0,,21.0,10.0,8.0,12.0,11.0,6.0,,2.0,7.0,19.0,20.0,,17.0,16.0,18.0,13.0,15.0,,,,5.0,,14.0,,3.0,,1.0
2024-10-16,5.0,9.0,,21.0,11.0,8.0,12.0,10.0,7.0,,2.0,3.0,19.0,18.0,,16.0,17.0,20.0,15.0,14.0,,,,6.0,,13.0,,4.0,,1.0
2024-10-17,5.0,9.0,,21.0,11.0,8.0,12.0,14.0,7.0,,2.0,3.0,20.0,17.0,,16.0,18.0,19.0,13.0,15.0,,,,6.0,,10.0,,4.0,,1.0
2024-10-18,6.0,9.0,,21.0,11.0,8.0,10.0,13.0,7.0,,1.0,4.0,20.0,18.0,,16.0,17.0,19.0,14.0,15.0,,,,5.0,,12.0,,3.0,,2.0
2024-10-21,6.0,9.0,,21.0,11.0,8.0,10.0,13.0,5.0,,1.0,4.0,20.0,16.0,,17.0,18.0,19.0,14.0,15.0,,,,7.0,,12.0,,3.0,,2.0
2024-10-22,8.0,9.0,,21.0,11.0,7.0,10.0,14.0,6.0,,2.0,3.0,18.0,20.0,,16.0,19.0,17.0,12.0,15.0,,,,5.0,,13.0,,4.0,,1.0
2024-10-23,6.0,9.0,,21.0,11.0,8.0,10.0,12.0,7.0,,2.0,3.0,17.0,20.0,,18.0,19.0,16.0,14.0,15.0,,,,4.0,,13.0,,5.0,,1.0
2024-10-24,7.0,10.0,,22.0,12.0,8.0,11.0,16.0,9.0,,3.0,4.0,19.0,21.0,,18.0,20.0,17.0,13.0,15.0,,,,6.0,,14.0,1.0,5.0,,2.0
2024-10-25,7.0,11.0,,22.0,12.0,8.0,10.0,16.0,9.0,,3.0,6.0,19.0,21.0,,20.0,18.0,17.0,14.0,15.0,,,,5.0,,13.0,1.0,4.0,,2.0
2024-10-28,7.0,10.0,,22.0,12.0,9.0,11.0,20.0,8.0,,3.0,4.0,19.0,21.0,,17.0,16.0,18.0,13.0,14.0,,,,5.0,,15.0,1.0,6.0,,2.0
2024-10-29,7.0,10.0,,22.0,13.0,8.0,11.0,19.0,9.0,,4.0,3.0,17.0,21.0,,20.0,16.0,18.0,12.0,15.0,,,,5.0,,14.0,1.0,6.0,,2.0
2024-10-30,5.0,7.0,,20.0,13.0,8.0,10.0,18.0,9.0,,6.0,2.0,16.0,19.0,,,15.0,17.0,11.0,14.0,,,,3.0,,12.0,,4.0,,1.0
2024-10-31,4.0,8.0,,22.0,13.0,10.0,11.0,21.0,9.0,,6.0,3.0,17.0,20.0,,18.0,16.0,19.0,12.0,15.0,,,,7.0,,14.0,1.0,5.0,,2.0
2024-11-01,4.0,8.0,,22.0,12.0,10.0,11.0,21.0,9.0,,6.0,3.0,18.0,20.0,,17.0,16.0,19.0,13.0,15.0,,,,7.0,,14.0,1.0,5.0,,2.0
2024-11-04,6.0,8.0,,22.0,12.0,11.0,10.0,21.0,9.0,,5.0,3.0,18.0,20.0,,17.0,15.0,19.0,14.0,16.0,,,,4.0,,13.0,1.0,7.0,,2.0
2024-11-05,5.0,7.0,,20.0,10.0,12.0,9.0,19.0,8.0,,3.0,2.0,16.0,18.0,,,14.0,17.0,11.0,13.0,,,,4.0,,15.0,,6.0,,1.0
2024-11-06,6.0,8.0,,22.0,14.0,16.0,10.0,21.0,9.0,,4.0,3.0,19.0,20.0,,15.0,11.0,17.0,12.0,13.0,,,,5.0,,18.0,1.0,7.0,,2.0
2024-11-07,6.0,8.0,,22.0,11.0,15.0,10.0,19.0,9.0,,5.0,3.0,17.0,21.0,,18.0,13.0,20.0,12.0,14.0,,,,4.0,,16.0,1.0,7.0,,2.0
2024-11-08,5.0,7.0,,22.0,12.0,14.0,10.0,18.0,8.0,,6.0,4.0,20.0,15.0,,19.0,13.0,21.0,11.0,17.0,,,,3.0,,16.0,1.0,9.0,,2.0
2024-11-11,5.0,7.0,,22.0,13.0,14.0,10.0,19.0,9.0,,6.0,3.0,15.0,18.0,,20.0,12.0,21.0,11.0,17.0,,,,4.0,,16.0,1.0,8.0,,2.0
2024-11-12,6.0,7.0,,22.0,11.0,21.0,10.0,20.0,9.0,,5.0,2.0,15.0,14.0,,18.0,13.0,19.0,12.0,17.0,,,,4.0,,16.0,1.0,8.0,,3.0
2024-11-13,5.0,7.0,,22.0,10.0,20.0,11.0,19.0,9.0,,6.0,2.0,15.0,16.0,,18.0,14.0,21.0,12.0,17.0,,,,4.0,,13.0,1.0,8.0,,3.0
2024-11-14,5.0,9.0,6.0,23.0,12.0,21.0,11.0,20.0,10.0,,7.0,2.0,17.0,16.0,,18.0,14.0,22.0,13.0,19.0,,,,3.0,,15.0,1.0,8.0,,4.0
2024-11-18,5.0,10.0,8.0,23.0,12.0,21.0,11.0,19.0,9.0,,6.0,2.0,16.0,17.0,,18.0,14.0,22.0,13.0,20.0,,,,4.0,,15.0,1.0,7.0,,3.0
2024-11-19,4.0,10.0,7.0,23.0,12.0,21.0,11.0,20.0,9.0,,8.0,2.0,17.0,16.0,,18.0,14.0,22.0,13.0,19.0,,,,5.0,,15.0,1.0,6.0,,3.0
2024-11-21,4.0,12.0,7.0,21.0,10.0,17.0,9.0,14.0,11.0,,8.0,2.0,16.0,18.0,,22.0,19.0,23.0,15.0,20.0,,,,5.0,,13.0,1.0,6.0,,3.0
2024-11-22,4.0,12.0,7.0,20.0,10.0,17.0,9.0,14.0,11.0,,8.0,2.0,16.0,18.0,,22.0,19.0,23.0,15.0,21.0,,,,5.0,,13.0,1.0,6.0,,3.0
2024-11-25,4.0,11.0,8.0,19.0,12.0,14.0,9.0,15.0,10.0,,7.0,2.0,17.0,16.0,,22.0,20.0,23.0,18.0,21.0,,,,5.0,,13.0,1.0,6.0,,3.0
2024-11-26,4.0,11.0,7.0,19.0,12.0,14.0,9.0,16.0,10.0,,8.0,2.0,17.0,15.0,,22.0,20.0,23.0,18.0,21.0,,,,5.0,,13.0,1.0,6.0,,3.0
2024-11-27,4.0,11.0,8.0,20.0,12.0,15.0,10.0,17.0,9.0,,5.0,2.0,16.0,14.0,,22.0,21.0,23.0,18.0,19.0,,,,6.0,,13.0,1.0,7.0,,3.0
2024-11-28,4.0,12.0,7.0,21.0,11.0,15.0,10.0,17.0,9.0,,6.0,2.0,16.0,14.0,,22.0,20.0,23.0,18.0,19.0,,,,5.0,,13.0,1.0,8.0,,3.0
2024-11-29,4.0,12.0,6.0,22.0,10.0,15.0,9.0,17.0,11.0,,8.0,2.0,16.0,14.0,,20.0,21.0,23.0,18.0,19.0,,,,5.0,,13.0,1.0,7.0,,3.0
2024-12-02,5.0,14.0,7.0,23.0,12.0,16.0,11.0,19.0,10.0,,6.0,2.0,17.0,13.0,,22.0,21.0,24.0,18.0,20.0,9.0,,,3.0,,15.0,1.0,8.0,,4.0
2024-12-03,4.0,15.0,8.0,21.0,12.0,16.0,10.0,19.0,11.0,,6.0,2.0,17.0,14.0,,23.0,20.0,24.0,18.0,22.0,9.0,,,3.0,,13.0,1.0,7.0,,5.0
2024-12-04,5.0,14.0,8.0,20.0,12.0,16.0,10.0,17.0,11.0,,6.0,3.0,18.0,15.0,,22.0,21.0,23.0,19.0,24.0,9.0,,,2.0,,13.0,1.0,7.0,,4.0
2024-12-05,4.0,16.0,7.0,22.0,13.0,17.0,12.0,18.0,10.0,,5.0,2.0,15.0,11.0,,21.0,20.0,23.0,14.0,24.0,9.0,,,3.0,,19.0,1.0,8.0,,6.0
2024-12-06,5.0,15.0,7.0,23.0,11.0,14.0,10.0,19.0,13.0,,3.0,4.0,16.0,12.0,,20.0,21.0,24.0,18.0,22.0,9.0,,,2.0,,17.0,1.0,8.0,,6.0
2024-12-09,4.0,17.0,8.0,23.0,11.0,14.0,9.0,19.0,13.0,,6.0,3.0,18.0,10.0,,20.0,21.0,24.0,16.0,22.0,12.0,,,2.0,,15.0,1.0,7.0,,5.0
2024-12-10,2.0,15.0,8.0,22.0,11.0,14.0,9.0,19.0,13.0,,6.0,3.0,18.0,12.0,,20.0,21.0,24.0,17.0,23.0,10.0,,,4.0,,16.0,1.0,7.0,,5.0
2024-12-11,2.0,15.0,8.0,23.0,11.0,13.0,9.0,19.0,14.0,,6.0,4.0,18.0,12.0,,20.0,21.0,24.0,17.0,22.0,10.0,,,3.0,,16.0,1.0,7.0,,5.0
2024-12-12,2.0,16.0,8.0,23.0,15.0,12.0,9.0,19.0,13.0,,6.0,4.0,18.0,11.0,,20.0,21.0,24.0,17.0,22.0,10.0,,,3.0,,14.0,1.0,7.0,,5.0
2024-12-13,2.0,16.0,8.0,23.0,17.0,11.0,9.0,19.0,13.0,,5.0,4.0,18.0,12.0,,20.0,21.0,24.0,15.0,22.0,10.0,,,3.0,,14.0,1.0,7.0,,6.0
2024-12-16,2.0,17.0,8.0,23.0,15.0,11.0,9.0,19.0,13.0,,6.0,4.0,18.0,10.0,,20.0,21.0,24.0,16.0,22.0,12.0,,,3.0,,14.0,1.0,7.0,,5.0
2024-12-17,2.0,15.0,9.0,23.0,13.0,16.0,8.0,19.0,12.0,,7.0,5.0,18.0,10.0,,20.0,21.0,24.0,17.0,22.0,11.0,,,3.0,,14.0,1.0,6.0,,4.0
2024-12-18,2.0,15.0,9.0,23.0,13.0,14.0,8.0,18.0,12.0,,7.0,5.0,19.0,10.0,,20.0,21.0,24.0,17.0,22.0,11.0,,,3.0,,16.0,1.0,6.0,,4.0
2024-12-19,2.0,15.0,9.0,23.0,13.0,14.0,8.0,19.0,12.0,,7.0,5.0,17.0,10.0,,20.0,21.0,24.0,16.0,22.0,11.0,,,3.0,,18.0,1.0,6.0,,4.0
2024-12-20,2.0,14.0,9.0,24.0,13.0,15.0,8.0,19.0,12.0,,7.0,5.0,18.0,11.0,,20.0,21.0,23.0,16.0,22.0,10.0,,,3.0,,17.0,1.0,6.0,,4.0
2024-12-23,1.0,15.0,9.0,24.0,13.0,14.0,8.0,19.0,12.0,,7.0,5.0,16.0,10.0,,20.0,21.0,23.0,17.0,22.0,11.0,,,3.0,,18.0,2.0,6.0,,4.0
2024-12-24,1.0,14.0,8.0,23.0,12.0,15.0,9.0,19.0,13.0,,7.0,4.0,17.0,11.0,,20.0,21.0,24.0,16.0,22.0,10.0,,,3.0,,18.0,2.0,6.0,,5.0
2024-12-26,1.0,15.0,8.0,23.0,12.0,16.0,9.0,20.0,13.0,,7.0,4.0,17.0,11.0,,19.0,21.0,24.0,14.0,22.0,10.0,,,3.0,,18.0,2.0,6.0,,5.0
2024-12-27,2.0,15.0,9.0,24.0,12.0,16.0,8.0,20.0,13.0,,7.0,5.0,19.0,11.0,,18.0,21.0,23.0,14.0,22.0,10.0,,,4.0,,17.0,1.0,3.0,,6.0
2024-12-30,2.0,15.0,9.0,23.0,12.0,20.0,7.0,21.0,13.0,,8.0,4.0,19.0,10.0,,18.0,17.0,24.0,16.0,22.0,11.0,,,3.0,,14.0,1.0,5.0,,6.0
2024-12-31,6.0,14.0,9.0,23.0,12.0,17.0,7.0,21.0,13.0,,8.0,2.0,20.0,10.0,,18.0,19.0,24.0,15.0,22.0,11.0,,,3.0,,16.0,1.0,5.0,,4.0
2025-01-01,4.0,15.0,10.0,23.0,12.0,17.0,7.0,21.0,13.0,,8.0,2.0,20.0,9.0,,18.0,19.0,24.0,14.0,22.0,11.0,,,5.0,,16.0,1.0,3.0,,6.0
2025-01-02,2.0,17.0,10.0,24.0,12.0,16.0,7.0,20.0,13.0,,9.0,5.0,21.0,8.0,,19.0,15.0,23.0,14.0,22.0,11.0,,,4.0,,18.0,1.0,3.0,,6.0
2025-01-03,2.0,18.0,10.0,23.0,12.0,19.0,7.0,20.0,13.0,,8.0,5.0,21.0,9.0,,17.0,14.0,24.0,16.0,22.0,11.0,,,3.0,,15.0,1.0,4.0,,6.0
2025-01-06,2.0,16.0,9.0,23.0,12.0,18.0,7.0,20.0,13.0,,8.0,5.0,21.0,11.0,,19.0,15.0,24.0,17.0,22.0,10.0,,,4.0,,14.0,1.0,3.0,,6.0
2025-01-07,6.0,15.0,11.0,24.0,12.0,18.0,7.0,20.0,13.0,,9.0,5.0,21.0,10.0,,19.0,14.0,23.0,17.0,22.0,8.0,,,3.0,,16.0,1.0,2.0,,4.0
2025-01-08,6.0,16.0,11.0,24.0,12.0,18.0,7.0,19.0,13.0,,9.0,4.0,21.0,10.0,,20.0,15.0,23.0,17.0,22.0,8.0,,,5.0,,14.0,1.0,2.0,,3.0
2025-01-09,5.0,17.0,8.0,23.0,12.0,18.0,7.0,19.0,13.0,,9.0,4.0,21.0,10.0,,20.0,14.0,24.0,16.0,22.0,11.0,,,6.0,,15.0,1.0,3.0,,2.0
2025-01-10,6.0,16.0,8.0,23.0,11.0,17.0,7.0,19.0,13.0,,9.0,4.0,20.0,10.0,,21.0,15.0,24.0,18.0,22.0,12.0,,,5.0,,14.0,1.0,3.0,,2.0
2025-01-13,4.0,16.0,8.0,23.0,10.0,17.0,7.0,15.0,13.0,,12.0,5.0,20.0,11.0,,21.0,18.0,24.0,19.0,22.0,9.0,,,6.0,,14.0,1.0,3.0,,2.0
2025-01-14,4.0,20.0,10.0,23.0,11.0,21.0,7.0,16.0,13.0,,9.0,5.0,22.0,12.0,,17.0,15.0,24.0,19.0,18.0,8.0,,,6.0,,14.0,1.0,3.0,,2.0
2025-01-15,4.0,21.0,11.0,23.0,10.0,20.0,7.0,18.0,14.0,,9.0,6.0,22.0,12.0,,17.0,16.0,24.0,19.0,15.0,8.0,,,5.0,,13.0,1.0,3.0,,2.0
2025-01-16,4.0,17.0,12.0,23.0,10.0,21.0,7.0,16.0,13.0,,8.0,6.0,22.0,11.0,,19.0,18.0,24.0,20.0,15.0,9.0,,,5.0,,14.0,1.0,2.0,,3.0
2025-01-17,4.0,20.0,12.0,23.0,8.0,15.0,7.0,17.0,13.0,,11.0,6.0,22.0,9.0,,16.0,21.0,24.0,19.0,18.0,10.0,,,5.0,,14.0,1.0,3.0,,2.0
2025-01-20,4.0,19.0,13.0,23.0,9.0,14.0,7.0,16.0,12.0,,10.0,6.0,22.0,8.0,,18.0,17.0,24.0,21.0,20.0,11.0,,,5.0,,15.0,1.0,3.0,,2.0
2025-01-21,4.0,22.0,13.0,23.0,8.0,15.0,7.0,17.0,12.0,,11.0,6.0,19.0,9.0,,16.0,18.0,24.0,21.0,20.0,10.0,,,5.0,,14.0,1.0,3.0,,2.0
2025-01-22,4.0,20.0,11.0,23.0,8.0,14.0,7.0,16.0,10.0,,13.0,6.0,19.0,9.0,,18.0,17.0,24.0,22.0,21.0,12.0,,,5.0,,15.0,1.0,3.0,,2.0
2025-01-23,4.0,19.0,11.0,23.0,8.0,14.0,7.0,15.0,10.0,,12.0,6.0,18.0,9.0,,20.0,17.0,24.0,22.0,21.0,16.0,,,5.0,,13.0,1.0,3.0,,2.0
2025-01-24,4.0,18.0,10.0,23.0,8.0,14.0,7.0,16.0,12.0,,13.0,6.0,15.0,9.0,,20.0,17.0,24.0,22.0,21.0,19.0,,,5.0,,11.0,1.0,3.0,,2.0
2025-01-27,4.0,15.0,11.0,23.0,6.0,14.0,8.0,17.0,12.0,,13.0,7.0,16.0,9.0,,20.0,18.0,24.0,21.0,22.0,19.0,,,5.0,,10.0,1.0,3.0,,2.0
2025-01-28,6.0,15.0,10.0,23.0,5.0,17.0,7.0,16.0,13.0,,11.0,9.0,14.0,8.0,,20.0,18.0,24.0,21.0,22.0,19.0,,,4.0,,12.0,1.0,3.0,,2.0
2025-01-29,7.0,18.0,10.0,23.0,5.0,15.0,9.0,12.0,14.0,,11.0,6.0,16.0,8.0,,22.0,19.0,24.0,21.0,20.0,17.0,,,4.0,,13.0,1.0,3.0,,2.0
2025-01-30,9.0,17.0,10.0,23.0,3.0,18.0,8.0,14.0,15.0,,11.0,6.0,16.0,7.0,,22.0,19.0,24.0,21.0,20.0,12.0,,,5.0,,13.0,1.0,4.0,,2.0
2025-01-31,10.0,17.0,12.0,22.0,4.0,18.0,9.0,14.0,15.0,,8.0,5.0,16.0,7.0,,23.0,19.0,24.0,21.0,20.0,11.0,,,3.0,,13.0,1.0,6.0,,2.0
2025-02-01,6.0,17.0,11.0,22.0,4.0,18.0,12.0,14.0,13.0,,8.0,5.0,15.0,9.0,,23.0,19.0,24.0,21.0,20.0,10.0,,,3.0,,16.0,1.0,7.0,,2.0
2025-02-03,8.0,17.0,10.0,22.0,4.0,21.0,11.0,15.0,13.0,,9.0,6.0,16.0,7.0,,23.0,18.0,24.0,20.0,19.0,12.0,,,5.0,,14.0,1.0,3.0,,2.0
2025-02-04,9.0,17.0,10.0,24.0,4.0,18.0,12.0,16.0,13.0,,7.0,3.0,14.0,11.0,,23.0,20.0,25.0,19.0,21.0,6.0,,,5.0,,15.0,1.0,8.0,22.0,2.0
2025-02-05,8.0,17.0,11.0,24.0,7.0,19.0,9.0,16.0,13.0,,6.0,5.0,14.0,12.0,,23.0,21.0,25.0,18.0,20.0,4.0,,,3.0,,15.0,1.0,10.0,22.0,2.0
2025-02-06,9.0,17.0,11.0,24.0,8.0,22.0,6.0,16.0,13.0,,7.0,5.0,14.0,10.0,,23.0,19.0,25.0,18.0,20.0,4.0,,,3.0,,15.0,1.0,12.0,21.0,2.0
2025-02-07,9.0,17.0,11.0,24.0,6.0,20.0,4.0,15.0,14.0,,7.0,8.0,13.0,10.0,,22.0,19.0,25.0,18.0,21.0,3.0,,,5.0,,16.0,1.0,12.0,23.0,2.0
2025-02-10,10.0,18.0,11.0,24.0,7.0,19.0,3.0,15.0,14.0,,6.0,9.0,13.0,8.0,,22.0,20.0,25.0,16.0,21.0,4.0,,,5.0,,17.0,1.0,12.0,23.0,2.0
2025-02-11,7.0,19.0,8.0,22.0,6.0,21.0,3.0,16.0,13.0,,10.0,11.0,12.0,9.0,,23.0,18.0,25.0,17.0,20.0,5.0,,,4.0,,15.0,1.0,14.0,24.0,2.0
2025-02-12,11.0,19.0,7.0,21.0,5.0,22.0,3.0,15.0,14.0,,6.0,10.0,12.0,9.0,,23.0,17.0,25.0,18.0,20.0,4.0,,,8.0,,16.0,1.0,13.0,24.0,2.0
2025-02-13,11.0,16.0,6.0,20.0,4.0,22.0,3.0,18.0,14.0,,7.0,10.0,13.0,9.0,,23.0,19.0,25.0,17.0,21.0,8.0,,,5.0,,15.0,1.0,12.0,24.0,2.0
2025-02-14,12.0,15.0,5.0,22.0,3.0,21.0,4.0,17.0,14.0,,6.0,10.0,13.0,9.0,,23.0,20.0,25.0,18.0,19.0,8.0,,,7.0,,16.0,1.0,11.0,24.0,2.0
2025-02-17,13.0,16.0,5.0,21.0,4.0,22.0,3.0,19.0,14.0,,6.0,10.0,12.0,9.0,,23.0,18.0,25.0,17.0,20.0,11.0,,,7.0,,15.0,1.0,8.0,24.0,2.0
2025-02-18,13.0,16.0,4.0,21.0,3.0,22.0,2.0,20.0,14.0,,7.0,10.0,12.0,9.0,,23.0,18.0,25.0,17.0,19.0,11.0,,,8.0,,15.0,5.0,6.0,24.0,1.0
2025-02-19,12.0,16.0,4.0,21.0,3.0,22.0,2.0,20.0,13.0,,10.0,11.0,14.0,7.0,,23.0,19.0,25.0,17.0,18.0,5.0,,,9.0,,15.0,6.0,8.0,24.0,1.0
2025-02-20,9.0,15.0,5.0,22.0,3.0,21.0,2.0,18.0,14.0,,12.0,10.0,13.0,4.0,,23.0,20.0,25.0,17.0,19.0,6.0,,,7.0,,16.0,8.0,11.0,24.0,1.0
2025-02-21,9.0,14.0,5.0,22.0,2.0,21.0,3.0,19.0,15.0,,11.0,8.0,13.0,6.0,,23.0,20.0,25.0,17.0,18.0,4.0,,,7.0,,16.0,12.0,10.0,24.0,1.0
2025-02-24,5.0,13.0,4.0,20.0,2.0,19.0,1.0,17.0,12.0,,10.0,8.0,11.0,6.0,,,18.0,21.0,15.0,16.0,,,,7.0,,14.0,,9.0,,3.0
2025-02-25,6.0,16.0,4.0,23.0,3.0,21.0,1.0,20.0,12.0,,15.0,10.0,13.0,8.0,,22.0,19.0,25.0,18.0,14.0,2.0,,,7.0,,17.0,9.0,11.0,24.0,5.0
2025-02-27,6.0,16.0,3.0,23.0,4.0,22.0,2.0,19.0,13.0,,15.0,10.0,12.0,9.0,,21.0,20.0,25.0,18.0,14.0,1.0,,,8.0,,17.0,7.0,11.0,24.0,5.0
2025-02-28,5.0,16.0,3.0,23.0,4.0,22.0,2.0,19.0,13.0,,12.0,9.0,11.0,10.0,,21.0,20.0,25.0,18.0,15.0,1.0,,,7.0,,17.0,8.0,14.0,24.0,6.0
2025-03-03,7.0,15.0,3.0,23.0,2.0,21.0,1.0,20.0,14.0,,9.0,10.0,12.0,11.0,,22.0,19.0,25.0,18.0,17.0,4.0,,,8.0,,16.0,5.0,13.0,24.0,6.0
2025-03-04,7.0,16.0,5.0,23.0,2.0,21.0,1.0,20.0,14.0,,9.0,11.0,12.0,10.0,,22.0,19.0,25.0,17.0,15.0,3.0,,,8.0,,18.0,6.0,13.0,24.0,4.0
2025-03-05,7.0,13.0,3.0,23.0,2.0,21.0,1.0,20.0,15.0,,9.0,11.0,14.0,10.0,,22.0,18.0,25.0,17.0,16.0,4.0,,,8.0,,19.0,5.0,12.0,24.0,6.0
2025-03-06,8.0,12.0,3.0,23.0,2.0,22.0,1.0,21.0,17.0,,10.0,11.0,16.0,9.0,,20.0,18.0,25.0,15.0,13.0,4.0,,,7.0,,19.0,5.0,14.0,24.0,6.0
2025-03-07,8.0,14.0,2.0,23.0,6.0,22.0,1.0,20.0,15.0,,11.0,10.0,16.0,7.0,,18.0,19.0,25.0,13.0,12.0,4.0,,,5.0,,21.0,3.0,17.0,24.0,9.0
2025-03-10,10.0,14.0,2.0,23.0,3.0,22.0,1.0,21.0,16.0,,11.0,9.0,17.0,4.0,,18.0,19.0,25.0,12.0,13.0,5.0,,,7.0,,20.0,6.0,15.0,24.0,8.0
2025-03-11,9.0,12.0,2.0,23.0,3.0,22.0,1.0,20.0,16.0,,15.0,11.0,14.0,4.0,,18.0,17.0,25.0,13.0,10.0,8.0,,,5.0,,21.0,6.0,19.0,24.0,7.0
2025-03-12,14.0,11.0,3.0,22.0,1.0,23.0,2.0,18.0,15.0,,21.0,9.0,16.0,5.0,,13.0,17.0,25.0,12.0,10.0,7.0,,,4.0,,20.0,6.0,19.0,24.0,8.0
2025-03-13,12.0,9.0,6.0,21.0,1.0,22.0,2.0,18.0,19.0,,23.0,11.0,16.0,3.0,,13.0,17.0,25.0,14.0,10.0,7.0,,,4.0,,20.0,5.0,15.0,24.0,8.0
2025-03-17,13.0,15.0,6.0,21.0,1.0,22.0,2.0,20.0,19.0,,23.0,11.0,17.0,4.0,,9.0,16.0,25.0,12.0,10.0,3.0,,,5.0,,18.0,8.0,14.0,24.0,7.0
2025-03-18,13.0,15.0,6.0,21.0,1.0,22.0,2.0,20.0,19.0,,23.0,11.0,17.0,7.0,,10.0,16.0,25.0,12.0,14.0,3.0,,,5.0,,18.0,4.0,9.0,24.0,8.0
2025-03-19,9.0,14.0,4.0,21.0,2.0,22.0,1.0,18.0,17.0,,23.0,11.0,19.0,8.0,,12.0,16.0,25.0,13.0,15.0,3.0,,,5.0,,20.0,6.0,10.0,24.0,7.0
2025-03-20,9.0,16.0,6.0,22.0,1.0,23.0,2.0,17.0,20.0,,21.0,11.0,18.0,7.0,,12.0,15.0,25.0,13.0,14.0,3.0,,,4.0,,19.0,5.0,10.0,24.0,8.0
2025-03-21,9.0,14.0,8.0,23.0,2.0,22.0,1.0,15.0,20.0,,21.0,10.0,19.0,6.0,,12.0,17.0,25.0,13.0,16.0,3.0,,,4.0,,18.0,5.0,11.0,24.0,7.0
2025-03-24,7.0,13.0,9.0,23.0,2.0,22.0,1.0,15.0,20.0,,21.0,11.0,16.0,10.0,,14.0,18.0,25.0,12.0,17.0,3.0,,,4.0,,19.0,5.0,8.0,24.0,6.0
2025-03-25,7.0,13.0,11.0,22.0,2.0,23.0,1.0,16.0,20.0,,21.0,9.0,17.0,10.0,,14.0,18.0,25.0,12.0,19.0,3.0,,,4.0,,15.0,6.0,8.0,24.0,5.0
2025-03-26,7.0,12.0,13.0,23.0,2.0,22.0,1.0,15.0,19.0,,21.0,9.0,14.0,10.0,,16.0,18.0,25.0,11.0,20.0,3.0,,,4.0,,17.0,6.0,8.0,24.0,5.0
2025-03-27,7.0,16.0,11.0,23.0,2.0,22.0,3.0,15.0,20.0,,21.0,9.0,14.0,8.0,,10.0,19.0,25.0,12.0,17.0,1.0,,,4.0,,18.0,6.0,13.0,24.0,5.0
2025-03-28,9.0,13.0,8.0,23.0,1.0,22.0,3.0,16.0,19.0,,21.0,10.0,15.0,7.0,,11.0,20.0,25.0,14.0,18.0,2.0,,,5.0,,17.0,4.0,12.0,24.0,6.0
2025-04-01,11.0,12.0,9.0,22.0,1.0,23.0,4.0,16.0,20.0,,21.0,8.0,15.0,7.0,,10.0,19.0,25.0,13.0,17.0,2.0,,,5.0,,18.0,3.0,14.0,24.0,6.0
2025-04-02,11.0,12.0,6.0,21.0,1.0,23.0,3.0,15.0,20.0,,22.0,9.0,17.0,8.0,,10.0,19.0,25.0,13.0,16.0,2.0,,,5.0,,18.0,4.0,14.0,24.0,7.0
2025-04-03,9.0,12.0,5.0,21.0,1.0,23.0,3.0,16.0,20.0,,22.0,10.0,17.0,7.0,,11.0,19.0,25.0,13.0,15.0,2.0,,,4.0,,18.0,6.0,14.0,24.0,8.0
2025-04-04,10.0,13.0,4.0,22.0,1.0,23.0,3.0,15.0,17.0,,21.0,9.0,16.0,8.0,,11.0,18.0,25.0,14.0,12.0,2.0,,,5.0,,20.0,6.0,19.0,24.0,7.0
2025-04-07,9.0,12.0,4.0,22.0,1.0,23.0,3.0,15.0,17.0,,21.0,8.0,14.0,7.0,,10.0,20.0,25.0,16.0,13.0,2.0,,,5.0,,18.0,11.0,19.0,24.0,6.0
2025-04-08,11.0,13.0,3.0,21.0,1.0,23.0,4.0,16.0,17.0,,22.0,9.0,12.0,7.0,,10.0,19.0,25.0,14.0,15.0,2.0,,,5.0,,20.0,6.0,18.0,24.0,8.0
2025-04-09,12.0,13.0,3.0,21.0,1.0,23.0,4.0,14.0,18.0,,22.0,8.0,10.0,5.0,,11.0,20.0,25.0,15.0,16.0,2.0,,,6.0,,17.0,7.0,19.0,24.0,9.0
2025-04-11,9.0,12.0,3.0,21.0,1.0,23.0,4.0,15.0,19.0,,22.0,7.0,11.0,6.0,,10.0,20.0,25.0,13.0,16.0,2.0,,,5.0,,17.0,8.0,18.0,24.0,14.0
2025-04-15,7.0,12.0,4.0,21.0,1.0,23.0,3.0,14.0,18.0,,22.0,9.0,11.0,6.0,,10.0,20.0,25.0,13.0,16.0,2.0,,,5.0,,19.0,8.0,17.0,24.0,15.0
2025-04-16,11.0,10.0,3.0,21.0,1.0,23.0,4.0,13.0,19.0,,22.0,8.0,12.0,7.0,,9.0,20.0,25.0,14.0,16.0,2.0,,,6.0,,18.0,5.0,17.0,24.0,15.0
2025-04-17,10.0,12.0,3.0,21.0,1.0,23.0,4.0,14.0,20.0,,22.0,9.0,13.0,8.0,,7.0,18.0,25.0,11.0,16.0,2.0,,,6.0,,19.0,5.0,17.0,24.0,15.0
2025-04-21,15.0,13.0,4.0,19.0,1.0,23.0,3.0,12.0,20.0,,22.0,9.0,10.0,7.0,,8.0,18.0,25.0,14.0,11.0,2.0,,,6.0,,21.0,5.0,17.0,24.0,16.0
2025-04-22,8.0,14.0,4.0,17.0,1.0,23.0,3.0,10.0,20.0,,22.0,16.0,9.0,12.0,,11.0,19.0,25.0,13.0,7.0,2.0,,,6.0,,21.0,5.0,18.0,24.0,15.0
2025-04-23,7.0,13.0,2.0,18.0,1.0,23.0,3.0,8.0,19.0,,22.0,15.0,11.0,12.0,,10.0,20.0,25.0,14.0,9.0,4.0,,,6.0,,21.0,5.0,17.0,24.0,16.0
2025-04-24,7.0,16.0,3.0,18.0,1.0,23.0,4.0,10.0,19.0,,22.0,17.0,12.0,13.0,,9.0,20.0,25.0,15.0,8.0,2.0,,,5.0,,21.0,6.0,14.0,24.0,11.0
2025-04-25,12.0,11.0,3.0,18.0,1.0,22.0,5.0,9.0,19.0,,23.0,16.0,17.0,13.0,,10.0,20.0,25.0,14.0,8.0,4.0,,,2.0,,21.0,7.0,15.0,24.0,6.0
2025-04-28,9.0,18.0,2.0,16.0,1.0,23.0,6.0,8.0,14.0,,22.0,15.0,19.0,12.0,,13.0,20.0,25.0,17.0,11.0,5.0,,,3.0,,21.0,4.0,10.0,24.0,7.0
2025-04-29,7.0,16.0,2.0,17.0,1.0,22.0,6.0,11.0,18.0,,23.0,14.0,19.0,9.0,,12.0,20.0,25.0,15.0,13.0,5.0,,,4.0,,21.0,3.0,10.0,24.0,8.0
2025-04-30,7.0,15.0,2.0,18.0,1.0,22.0,5.0,9.0,17.0,,23.0,14.0,19.0,11.0,,10.0,21.0,25.0,13.0,16.0,4.0,,,3.0,,20.0,6.0,12.0,24.0,8.0
2025-05-02,12.0,14.0,1.0,17.0,2.0,22.0,5.0,8.0,18.0,,23.0,13.0,20.0,10.0,,7.0,19.0,25.0,9.0,15.0,6.0,,,4.0,,21.0,3.0,16.0,24.0,11.0
2025-05-05,12.0,14.0,2.0,16.0,3.0,22.0,5.0,10.0,19.0,,23.0,18.0,20.0,7.0,,8.0,17.0,25.0,9.0,13.0,6.0,,,4.0,,21.0,1.0,15.0,24.0,11.0
2025-05-06,13.0,14.0,5.0,16.0,2.0,22.0,3.0,11.0,17.0,,23.0,19.0,21.0,7.0,,8.0,18.0,25.0,9.0,12.0,6.0,,,4.0,,20.0,1.0,15.0,24.0,10.0
2025-05-07,11.0,13.0,4.0,10.0,1.0,19.0,2.0,6.0,12.0,,20.0,15.0,18.0,8.0,,,17.0,21.0,5.0,9.0,,,,3.0,,16.0,,14.0,,7.0
2025-05-08,13.0,17.0,4.0,9.0,2.0,22.0,3.0,8.0,14.0,,23.0,18.0,20.0,11.0,,12.0,21.0,25.0,7.0,10.0,6.0,,,5.0,,16.0,1.0,15.0,24.0,19.0
2025-05-09,11.0,17.0,5.0,9.0,3.0,22.0,2.0,7.0,15.0,,23.0,18.0,19.0,12.0,,13.0,21.0,25.0,8.0,10.0,6.0,,,4.0,,16.0,1.0,14.0,24.0,20.0
2025-05-12,10.0,22.0,8.0,12.0,1.0,23.0,4.0,3.0,15.0,,24.0,16.0,21.0,11.0,,13.0,19.0,26.0,6.0,9.0,7.0,,14.0,5.0,,17.0,2.0,18.0,25.0,20.0
2025-05-13,8.0,17.0,4.0,10.0,1.0,20.0,2.0,6.0,12.0,,21.0,18.0,19.0,7.0,,,15.0,22.0,3.0,11.0,,,9.0,5.0,,13.0,,14.0,,16.0
2025-05-14,9.0,20.0,8.0,13.0,2.0,22.0,4.0,3.0,11.0,,24.0,19.0,23.0,12.0,,18.0,21.0,26.0,7.0,14.0,6.0,,10.0,5.0,,15.0,1.0,17.0,25.0,16.0
2025-05-15,8.0,22.0,9.0,15.0,4.0,21.0,2.0,3.0,12.0,,24.0,20.0,23.0,13.0,,11.0,18.0,26.0,5.0,14.0,6.0,,10.0,7.0,,16.0,1.0,17.0,25.0,19.0
2025-05-16,11.0,23.0,9.0,8.0,4.0,22.0,6.0,3.0,14.0,,24.0,19.0,21.0,15.0,,10.0,20.0,26.0,7.0,12.0,2.0,,13.0,5.0,,17.0,1.0,16.0,25.0,18.0
2025-05-19,11.0,22.0,9.0,3.0,4.0,23.0,6.0,5.0,13.0,,24.0,19.0,21.0,15.0,,10.0,20.0,26.0,8.0,12.0,2.0,,16.0,7.0,,18.0,1.0,17.0,25.0,14.0
2025-05-20,13.0,23.0,9.0,7.0,4.0,24.0,5.0,3.0,15.0,,25.0,19.0,22.0,14.0,,16.0,21.0,26.0,8.0,11.0,2.0,,10.0,6.0,,17.0,1.0,18.0,20.0,12.0
2025-05-21,13.0,22.0,9.0,6.0,8.0,25.0,4.0,2.0,20.0,,26.0,21.0,24.0,10.0,15.0,14.0,23.0,27.0,7.0,11.0,3.0,,16.0,5.0,,17.0,1.0,18.0,19.0,12.0
2025-05-22,17.0,19.0,14.0,9.0,5.0,21.0,3.0,2.0,27.0,,25.0,23.0,22.0,10.0,4.0,13.0,24.0,26.0,6.0,11.0,7.0,,18.0,8.0,,16.0,1.0,20.0,15.0,12.0
2025-05-23,16.0,19.0,9.0,6.0,7.0,20.0,3.0,2.0,27.0,,25.0,23.0,22.0,8.0,13.0,12.0,21.0,26.0,5.0,10.0,15.0,,18.0,4.0,,17.0,1.0,24.0,11.0,14.0
2025-05-26,15.0,17.0,10.0,7.0,8.0,21.0,3.0,2.0,27.0,,25.0,23.0,22.0,4.0,18.0,11.0,19.0,26.0,6.0,9.0,14.0,,20.0,5.0,,13.0,1.0,24.0,12.0,16.0
2025-05-27,20.0,16.0,12.0,7.0,11.0,21.0,8.0,4.0,27.0,,25.0,26.0,17.0,10.0,13.0,2.0,5.0,23.0,3.0,6.0,14.0,,22.0,9.0,,15.0,1.0,24.0,18.0,19.0
2025-05-28,16.0,18.0,11.0,7.0,8.0,22.0,10.0,5.0,27.0,,25.0,24.0,20.0,13.0,12.0,2.0,6.0,17.0,3.0,4.0,14.0,,26.0,9.0,,15.0,1.0,23.0,21.0,19.0
2025-05-29,16.0,19.0,11.0,8.0,9.0,25.0,10.0,5.0,27.0,,22.0,24.0,20.0,15.0,14.0,2.0,6.0,12.0,4.0,3.0,17.0,,26.0,7.0,,13.0,1.0,21.0,23.0,18.0
2025-05-30,19.0,18.0,10.0,13.0,8.0,25.0,9.0,6.0,27.0,,23.0,22.0,21.0,15.0,12.0,2.0,5.0,7.0,3.0,4.0,16.0,,26.0,11.0,,14.0,1.0,24.0,20.0,17.0
2025-06-02,18.0,17.0,10.0,11.0,7.0,25.0,5.0,4.0,27.0,,26.0,23.0,22.0,15.0,14.0,2.0,9.0,12.0,3.0,8.0,16.0,,21.0,6.0,,13.0,1.0,24.0,19.0,20.0
2025-06-03,17.0,14.0,8.0,9.0,7.0,25.0,5.0,4.0,27.0,,26.0,22.0,23.0,12.0,19.0,3.0,10.0,16.0,2.0,13.0,18.0,,24.0,6.0,,11.0,1.0,21.0,15.0,20.0
2025-06-04,15.0,16.0,9.0,7.0,6.0,24.0,4.0,3.0,27.0,,25.0,20.0,22.0,13.0,14.0,8.0,10.0,26.0,2.0,12.0,19.0,,23.0,5.0,,11.0,1.0,21.0,17.0,18.0
2025-06-05,15.0,16.0,9.0,6.0,5.0,24.0,4.0,3.0,27.0,,25.0,20.0,23.0,17.0,13.0,7.0,10.0,26.0,2.0,12.0,14.0,,21.0,8.0,,11.0,1.0,22.0,19.0,18.0
2025-06-06,15.0,14.0,8.0,7.0,3.0,25.0,5.0,2.0,27.0,,24.0,18.0,23.0,16.0,19.0,6.0,11.0,26.0,4.0,9.0,13.0,,20.0,10.0,,12.0,1.0,22.0,17.0,21.0
2025-06-09,14.0,15.0,11.0,7.0,3.0,26.0,6.0,2.0,27.0,,23.0,13.0,24.0,17.0,20.0,5.0,10.0,25.0,4.0,9.0,16.0,,19.0,8.0,,12.0,1.0,22.0,18.0,21.0
2025-06-10,13.0,15.0,10.0,9.0,4.0,26.0,8.0,2.0,27.0,,23.0,16.0,25.0,21.0,18.0,5.0,11.0,22.0,3.0,6.0,14.0,,24.0,7.0,,12.0,1.0,20.0,17.0,19.0
2025-06-11,14.0,15.0,10.0,9.0,5.0,26.0,7.0,2.0,27.0,,22.0,18.0,24.0,20.0,19.0,4.0,11.0,23.0,3.0,6.0,13.0,,25.0,8.0,,12.0,1.0,17.0,16.0,21.0
2025-06-12,15.0,16.0,10.0,9.0,4.0,26.0,6.0,2.0,27.0,,21.0,17.0,25.0,22.0,20.0,5.0,12.0,24.0,3.0,7.0,11.0,,23.0,8.0,,13.0,1.0,14.0,18.0,19.0
2025-06-13,14.0,17.0,9.0,10.0,4.0,26.0,6.0,2.0,27.0,,21.0,18.0,25.0,23.0,19.0,5.0,11.0,22.0,3.0,8.0,12.0,,24.0,7.0,,13.0,1.0,16.0,15.0,20.0
2025-06-16,13.0,18.0,9.0,10.0,4.0,26.0,5.0,2.0,27.0,,21.0,16.0,25.0,24.0,19.0,6.0,11.0,22.0,3.0,7.0,12.0,,23.0,8.0,,14.0,1.0,17.0,15.0,20.0
2025-06-17,14.0,17.0,11.0,7.0,5.0,26.0,4.0,2.0,27.0,,21.0,16.0,24.0,22.0,18.0,8.0,12.0,25.0,3.0,9.0,10.0,,23.0,6.0,,13.0,1.0,20.0,15.0,19.0
2025-06-18,14.0,17.0,10.0,7.0,4.0,26.0,3.0,2.0,27.0,,22.0,20.0,24.0,21.0,15.0,9.0,12.0,25.0,5.0,8.0,11.0,,23.0,6.0,,13.0,1.0,18.0,16.0,19.0
2025-06-19,18.0,16.0,10.0,11.0,4.0,26.0,3.0,2.0,27.0,,19.0,20.0,23.0,22.0,14.0,8.0,12.0,24.0,5.0,9.0,6.0,,25.0,7.0,,13.0,1.0,21.0,15.0,17.0
2025-06-20,17.0,16.0,9.0,7.0,5.0,26.0,3.0,2.0,27.0,,21.0,18.0,22.0,25.0,13.0,8.0,12.0,23.0,4.0,10.0,11.0,,24.0,6.0,,14.0,1.0,19.0,15.0,20.0
2025-06-23,15.0,18.0,10.0,6.0,5.0,25.0,4.0,2.0,27.0,,19.0,17.0,23.0,26.0,13.0,7.0,11.0,22.0,3.0,9.0,12.0,,24.0,8.0,,14.0,1.0,20.0,16.0,21.0
2025-06-24,16.0,19.0,13.0,5.0,4.0,25.0,6.0,2.0,27.0,,20.0,17.0,23.0,26.0,10.0,9.0,12.0,18.0,3.0,8.0,11.0,,24.0,7.0,,15.0,1.0,22.0,14.0,21.0
2025-06-25,17.0,19.0,12.0,4.0,5.0,24.0,9.0,2.0,27.0,,23.0,15.0,21.0,26.0,11.0,8.0,10.0,18.0,3.0,7.0,16.0,,25.0,6.0,,14.0,1.0,22.0,13.0,20.0
2025-06-26,18.0,19.0,12.0,4.0,5.0,24.0,6.0,2.0,27.0,,22.0,15.0,23.0,26.0,11.0,8.0,9.0,17.0,3.0,7.0,13.0,,25.0,10.0,,14.0,1.0,20.0,16.0,21.0
2025-06-27,17.0,22.0,12.0,7.0,5.0,24.0,3.0,2.0,27.0,,20.0,19.0,21.0,26.0,11.0,8.0,9.0,14.0,4.0,6.0,18.0,,25.0,10.0,,16.0,1.0,23.0,13.0,15.0
2025-06-30,20.0,23.0,11.0,6.0,3.0,24.0,4.0,2.0,27.0,,16.0,13.0,22.0,25.0,12.0,9.0,10.0,18.0,5.0,7.0,17.0,,26.0,8.0,,15.0,1.0,21.0,19.0,14.0
2025-07-01,18.0,19.0,9.0,6.0,3.0,22.0,4.0,1.0,27.0,,17.0,14.0,20.0,24.0,12.0,11.0,10.0,16.0,5.0,7.0,21.0,,26.0,8.0,,15.0,2.0,25.0,23.0,13.0
2025-07-02,19.0,20.0,10.0,6.0,3.0,23.0,5.0,1.0,27.0,,14.0,17.0,18.0,26.0,9.0,11.0,12.0,16.0,4.0,7.0,21.0,,25.0,8.0,,15.0,2.0,24.0,22.0,13.0
2025-07-03,13.0,19.0,9.0,4.0,6.0,24.0,3.0,2.0,27.0,,20.0,14.0,17.0,26.0,11.0,10.0,12.0,16.0,5.0,8.0,21.0,,25.0,7.0,,15.0,1.0,23.0,22.0,18.0
2025-07-04,13.0,18.0,9.0,5.0,6.0,24.0,4.0,1.0,27.0,,22.0,16.0,17.0,26.0,11.0,10.0,12.0,19.0,3.0,8.0,20.0,,25.0,7.0,,14.0,2.0,23.0,21.0,15.0
2025-07-07,16.0,19.0,11.0,6.0,8.0,24.0,4.0,1.0,27.0,,21.0,15.0,17.0,26.0,10.0,9.0,13.0,18.0,3.0,5.0,20.0,,25.0,7.0,,14.0,2.0,22.0,23.0,12.0
2025-07-08,19.0,17.0,12.0,8.0,4.0,24.0,5.0,1.0,27.0,,20.0,15.0,16.0,25.0,9.0,10.0,14.0,18.0,3.0,6.0,21.0,,26.0,7.0,,13.0,2.0,22.0,23.0,11.0
2025-07-09,20.0,19.0,11.0,10.0,5.0,22.0,9.0,1.0,27.0,,18.0,15.0,17.0,25.0,8.0,7.0,13.0,16.0,3.0,4.0,24.0,,26.0,6.0,,14.0,2.0,23.0,21.0,12.0
2025-07-10,18.0,19.0,11.0,10.0,7.0,22.0,6.0,1.0,27.0,,20.0,12.0,15.0,25.0,4.0,8.0,14.0,17.0,3.0,5.0,26.0,,24.0,9.0,,13.0,2.0,23.0,21.0,16.0
2025-07-11,13.0,20.0,11.0,10.0,6.0,23.0,8.0,1.0,27.0,,19.0,12.0,17.0,24.0,3.0,9.0,14.0,15.0,4.0,5.0,26.0,,25.0,7.0,,18.0,2.0,22.0,21.0,16.0
2025-07-14,16.0,20.0,11.0,12.0,7.0,23.0,9.0,1.0,27.0,,15.0,10.0,17.0,24.0,4.0,8.0,14.0,13.0,3.0,5.0,25.0,,26.0,6.0,,18.0,2.0,21.0,22.0,19.0
2025-07-15,16.0,19.0,10.0,15.0,9.0,24.0,8.0,1.0,27.0,,14.0,11.0,17.0,25.0,6.0,7.0,13.0,12.0,3.0,4.0,22.0,,26.0,5.0,,18.0,2.0,21.0,23.0,20.0
2025-07-16,16.0,18.0,8.0,15.0,13.0,25.0,10.0,1.0,27.0,,14.0,9.0,17.0,22.0,7.0,6.0,11.0,12.0,3.0,4.0,24.0,,26.0,5.0,,19.0,2.0,20.0,23.0,21.0
2025-07-17,15.0,17.0,4.0,12.0,8.0,23.0,7.0,2.0,27.0,,14.0,9.0,18.0,24.0,6.0,10.0,13.0,16.0,3.0,11.0,22.0,,26.0,5.0,,19.0,1.0,20.0,25.0,21.0
2025-07-18,16.0,15.0,4.0,14.0,8.0,22.0,6.0,2.0,27.0,,13.0,9.0,17.0,23.0,5.0,10.0,11.0,19.0,3.0,12.0,24.0,,26.0,7.0,,20.0,1.0,21.0,25.0,18.0
2025-07-21,14.0,17.0,3.0,15.0,8.0,22.0,6.0,2.0,27.0,,13.0,9.0,16.0,24.0,5.0,10.0,11.0,19.0,4.0,12.0,23.0,,26.0,7.0,,21.0,1.0,20.0,25.0,18.0
2025-07-22,17.0,13.0,3.0,19.0,9.0,23.0,6.0,2.0,27.0,,14.0,8.0,16.0,24.0,4.0,11.0,10.0,22.0,5.0,12.0,21.0,,26.0,7.0,,20.0,1.0,18.0,25.0,15.0
2025-07-23,22.0,12.0,4.0,19.0,9.0,23.0,5.0,2.0,27.0,,14.0,7.0,15.0,25.0,3.0,13.0,11.0,17.0,6.0,10.0,18.0,,26.0,8.0,,21.0,1.0,20.0,24.0,16.0
2025-07-24,21.0,11.0,5.0,19.0,10.0,23.0,6.0,1.0,27.0,,14.0,7.0,20.0,24.0,3.0,13.0,12.0,18.0,4.0,9.0,16.0,,26.0,8.0,,22.0,2.0,17.0,25.0,15.0
2025-07-25,20.0,9.0,5.0,17.0,10.0,24.0,6.0,2.0,27.0,,11.0,7.0,21.0,25.0,3.0,16.0,13.0,19.0,4.0,12.0,14.0,,26.0,8.0,,23.0,1.0,18.0,22.0,15.0
2025-07-28,20.0,11.0,4.0,18.0,13.0,24.0,7.0,2.0,27.0,,14.0,6.0,22.0,25.0,3.0,15.0,10.0,17.0,5.0,9.0,12.0,,26.0,8.0,,23.0,1.0,19.0,21.0,16.0
2025-07-29,20.0,12.0,4.0,17.0,15.0,22.0,6.0,2.0,27.0,,14.0,8.0,24.0,23.0,3.0,13.0,10.0,18.0,7.0,9.0,11.0,,26.0,5.0,,25.0,1.0,16.0,21.0,19.0
2025-07-30,20.0,13.0,5.0,14.0,15.0,22.0,6.0,3.0,27.0,,17.0,4.0,24.0,23.0,2.0,12.0,11.0,19.0,8.0,9.0,10.0,,25.0,7.0,,26.0,1.0,16.0,21.0,18.0
2025-07-31,15.0,13.0,7.0,18.0,17.0,22.0,5.0,3.0,27.0,,20.0,4.0,24.0,23.0,2.0,11.0,14.0,19.0,8.0,9.0,10.0,,25.0,6.0,,26.0,1.0,12.0,21.0,16.0
2025-08-01,13.0,10.0,7.0,20.0,17.0,24.0,4.0,3.0,27.0,,19.0,5.0,21.0,25.0,2.0,11.0,15.0,18.0,8.0,9.0,12.0,,22.0,6.0,,26.0,1.0,14.0,23.0,16.0
2025-08-04,12.0,14.0,7.0,21.0,16.0,24.0,4.0,2.0,27.0,,19.0,3.0,22.0,25.0,5.0,10.0,13.0,15.0,6.0,9.0,11.0,,23.0,8.0,,26.0,1.0,18.0,20.0,17.0
2025-08-05,11.0,12.0,7.0,24.0,15.0,22.0,5.0,2.0,27.0,,20.0,4.0,19.0,26.0,6.0,10.0,14.0,18.0,8.0,9.0,13.0,,23.0,3.0,,25.0,1.0,17.0,21.0,16.0
2025-08-06,13.0,12.0,7.0,26.0,15.0,19.0,5.0,2.0,27.0,,21.0,3.0,20.0,24.0,8.0,10.0,14.0,17.0,6.0,9.0,11.0,,23.0,4.0,,22.0,1.0,18.0,25.0,16.0
2025-08-07,12.0,10.0,6.0,26.0,16.0,15.0,7.0,2.0,27.0,,21.0,3.0,20.0,22.0,4.0,11.0,14.0,17.0,8.0,9.0,13.0,,19.0,5.0,,25.0,1.0,23.0,24.0,18.0
2025-08-08,12.0,10.0,5.0,27.0,14.0,21.0,7.0,2.0,28.0,,24.0,6.0,22.0,23.0,3.0,13.0,18.0,20.0,8.0,9.0,17.0,,16.0,4.0,11.0,26.0,1.0,19.0,25.0,15.0
2025-08-11,13.0,11.0,3.0,27.0,14.0,21.0,7.0,2.0,28.0,,26.0,4.0,22.0,25.0,5.0,12.0,15.0,19.0,8.0,9.0,20.0,,18.0,6.0,10.0,24.0,1.0,17.0,23.0,16.0
2025-08-12,13.0,11.0,3.0,26.0,14.0,21.0,9.0,2.0,28.0,,25.0,4.0,20.0,27.0,6.0,12.0,17.0,18.0,8.0,7.0,22.0,,19.0,5.0,10.0,23.0,1.0,15.0,24.0,16.0
2025-08-13,13.0,11.0,4.0,25.0,16.0,20.0,10.0,2.0,28.0,,26.0,3.0,21.0,27.0,5.0,12.0,17.0,18.0,8.0,7.0,22.0,,19.0,6.0,9.0,24.0,1.0,15.0,23.0,14.0
2025-08-14,12.0,11.0,4.0,24.0,17.0,21.0,10.0,1.0,28.0,,26.0,3.0,20.0,27.0,5.0,13.0,15.0,18.0,9.0,7.0,22.0,,19.0,6.0,8.0,23.0,2.0,14.0,25.0,16.0
2025-08-18,12.0,10.0,5.0,26.0,18.0,21.0,9.0,1.0,28.0,,25.0,4.0,19.0,27.0,3.0,11.0,16.0,17.0,8.0,7.0,22.0,,20.0,6.0,13.0,23.0,2.0,14.0,24.0,15.0
2025-08-19,11.0,10.0,5.0,24.0,18.0,21.0,9.0,1.0,28.0,,26.0,4.0,19.0,27.0,3.0,12.0,17.0,14.0,7.0,8.0,22.0,,20.0,6.0,15.0,23.0,2.0,13.0,25.0,16.0
2025-08-20,10.0,11.0,5.0,23.0,19.0,22.0,9.0,1.0,28.0,,26.0,4.0,21.0,27.0,3.0,12.0,16.0,15.0,7.0,8.0,17.0,,20.0,6.0,18.0,24.0,2.0,14.0,25.0,13.0
2025-08-21,9.0,11.0,5.0,23.0,22.0,21.0,10.0,1.0,28.0,,26.0,4.0,20.0,27.0,3.0,12.0,13.0,15.0,7.0,8.0,16.0,,19.0,6.0,18.0,25.0,2.0,17.0,24.0,14.0
2025-08-22,9.0,10.0,5.0,24.0,20.0,21.0,12.0,2.0,28.0,,26.0,4.0,22.0,27.0,3.0,11.0,17.0,14.0,7.0,8.0,13.0,,18.0,6.0,15.0,25.0,1.0,19.0,23.0,16.0
2025-08-25,8.0,11.0,5.0,25.0,20.0,18.0,14.0,2.0,28.0,,27.0,4.0,22.0,21.0,3.0,10.0,17.0,16.0,9.0,7.0,12.0,,19.0,6.0,13.0,26.0,1.0,23.0,24.0,15.0
2025-08-26,10.0,11.0,5.0,22.0,21.0,17.0,14.0,2.0,28.0,,26.0,4.0,19.0,27.0,3.0,9.0,16.0,15.0,8.0,7.0,23.0,,18.0,6.0,13.0,25.0,1.0,24.0,20.0,12.0
2025-08-28,12.0,10.0,5.0,24.0,23.0,19.0,13.0,2.0,28.0,,26.0,4.0,18.0,27.0,3.0,9.0,16.0,14.0,8.0,7.0,17.0,,21.0,6.0,15.0,25.0,1.0,20.0,22.0,11.0
2025-08-29,16.0,9.0,4.0,22.0,25.0,18.0,11.0,2.0,28.0,,27.0,5.0,17.0,26.0,3.0,10.0,14.0,13.0,8.0,6.0,23.0,,20.0,7.0,15.0,24.0,1.0,19.0,21.0,12.0
2025-09-01,16.0,9.0,4.0,24.0,25.0,18.0,13.0,2.0,28.0,,27.0,5.0,17.0,26.0,3.0,10.0,14.0,11.0,8.0,6.0,23.0,,19.0,7.0,15.0,21.0,1.0,20.0,22.0,12.0
2025-09-02,17.0,9.0,4.0,24.0,27.0,18.0,12.0,2.0,28.0,,20.0,5.0,16.0,25.0,3.0,10.0,15.0,11.0,7.0,8.0,26.0,,23.0,6.0,14.0,19.0,1.0,22.0,21.0,13.0
2025-09-03,15.0,9.0,5.0,24.0,26.0,17.0,12.0,2.0,28.0,,23.0,4.0,18.0,20.0,3.0,10.0,14.0,11.0,7.0,8.0,27.0,,22.0,6.0,16.0,25.0,1.0,21.0,19.0,13.0
2025-09-04,18.0,10.0,6.0,23.0,26.0,16.0,14.0,2.0,28.0,,25.0,4.0,22.0,20.0,3.0,11.0,13.0,9.0,8.0,7.0,27.0,,15.0,5.0,19.0,24.0,1.0,17.0,21.0,12.0
2025-09-05,17.0,9.0,6.0,23.0,25.0,20.0,21.0,2.0,28.0,,27.0,4.0,22.0,18.0,3.0,10.0,15.0,11.0,8.0,7.0,26.0,,13.0,5.0,14.0,24.0,1.0,16.0,19.0,12.0
2025-09-08,15.0,10.0,6.0,18.0,25.0,22.0,20.0,2.0,28.0,,27.0,4.0,19.0,21.0,3.0,11.0,13.0,9.0,8.0,7.0,26.0,,17.0,5.0,14.0,24.0,1.0,16.0,23.0,12.0
2025-09-09,13.0,9.0,6.0,23.0,24.0,21.0,20.0,2.0,28.0,,27.0,5.0,18.0,14.0,3.0,11.0,16.0,12.0,8.0,7.0,25.0,,15.0,4.0,17.0,22.0,1.0,19.0,26.0,10.0
2025-09-10,10.0,11.0,6.0,23.0,24.0,21.0,17.0,2.0,28.0,,25.0,4.0,20.0,18.0,3.0,12.0,14.0,9.0,8.0,7.0,26.0,,16.0,5.0,15.0,22.0,1.0,19.0,27.0,13.0
2025-09-11,11.0,10.0,8.0,23.0,25.0,19.0,16.0,2.0,28.0,,27.0,4.0,20.0,21.0,3.0,12.0,14.0,9.0,7.0,6.0,24.0,,17.0,5.0,15.0,22.0,1.0,18.0,26.0,13.0
2025-09-12,8.0,11.0,10.0,19.0,27.0,17.0,16.0,2.0,28.0,,25.0,4.0,20.0,21.0,3.0,12.0,14.0,9.0,7.0,6.0,24.0,,23.0,5.0,15.0,22.0,1.0,18.0,26.0,13.0
2025-09-15,7.0,11.0,9.0,23.0,26.0,17.0,18.0,2.0,28.0,,24.0,4.0,22.0,25.0,3.0,13.0,16.0,10.0,8.0,6.0,14.0,,20.0,5.0,15.0,21.0,1.0,19.0,27.0,12.0
2025-09-16,6.0,12.0,7.0,22.0,27.0,18.0,17.0,2.0,28.0,,16.0,5.0,20.0,25.0,3.0,15.0,14.0,10.0,8.0,9.0,13.0,,23.0,4.0,19.0,24.0,1.0,21.0,26.0,11.0
2025-09-17,7.0,12.0,6.0,20.0,27.0,17.0,16.0,2.0,28.0,,14.0,5.0,23.0,25.0,3.0,18.0,15.0,11.0,8.0,9.0,13.0,,21.0,4.0,19.0,24.0,1.0,22.0,26.0,10.0
2025-09-18,6.0,11.0,7.0,20.0,27.0,17.0,19.0,2.0,28.0,,13.0,5.0,23.0,22.0,3.0,18.0,14.0,12.0,8.0,9.0,16.0,,21.0,4.0,15.0,25.0,1.0,24.0,26.0,10.0
2025-09-19,8.0,13.0,7.0,20.0,27.0,18.0,21.0,2.0,28.0,,16.0,5.0,22.0,23.0,4.0,14.0,12.0,10.0,9.0,6.0,17.0,,19.0,3.0,15.0,25.0,1.0,24.0,26.0,11.0
2025-09-22,11.0,15.0,9.0,22.0,27.0,20.0,17.0,2.0,28.0,,21.0,6.0,19.0,25.0,4.0,10.0,12.0,7.0,8.0,3.0,18.0,,16.0,5.0,14.0,24.0,1.0,23.0,26.0,13.0
2025-09-23,12.0,13.0,7.0,21.0,27.0,19.0,16.0,2.0,28.0,,23.0,6.0,18.0,24.0,4.0,11.0,10.0,9.0,8.0,3.0,17.0,,20.0,5.0,15.0,25.0,1.0,22.0,26.0,14.0
2025-09-24,11.0,14.0,7.0,21.0,27.0,19.0,16.0,2.0,28.0,,26.0,6.0,17.0,25.0,3.0,12.0,10.0,9.0,8.0,4.0,18.0,,20.0,5.0,15.0,24.0,1.0,22.0,23.0,13.0
2025-09-25,14.0,15.0,6.0,21.0,27.0,19.0,17.0,2.0,28.0,,26.0,7.0,18.0,25.0,4.0,11.0,12.0,9.0,8.0,3.0,16.0,,23.0,5.0,10.0,22.0,1.0,24.0,20.0,13.0
2025-09-26,15.0,14.0,6.0,21.0,27.0,18.0,16.0,2.0,28.0,,26.0,7.0,19.0,24.0,4.0,12.0,10.0,9.0,8.0,3.0,17.0,,22.0,5.0,11.0,23.0,1.0,25.0,20.0,13.0
2025-09-29,13.0,14.0,5.0,19.0,27.0,20.0,16.0,2.0,28.0,,26.0,6.0,22.0,24.0,4.0,12.0,11.0,10.0,8.0,3.0,21.0,,18.0,7.0,9.0,23.0,1.0,25.0,17.0,15.0
2025-09-30,13.0,10.0,6.0,18.0,27.0,19.0,15.0,2.0,28.0,,24.0,5.0,21.0,26.0,3.0,14.0,12.0,11.0,7.0,4.0,25.0,,17.0,8.0,9.0,23.0,1.0,22.0,16.0,20.0
2025-10-01,12.0,14.0,8.0,18.0,27.0,21.0,16.0,2.0,28.0,,26.0,5.0,22.0,25.0,3.0,13.0,11.0,10.0,7.0,4.0,15.0,,23.0,6.0,9.0,17.0,1.0,24.0,20.0,19.0
2025-10-03,9.0,15.0,8.0,19.0,27.0,20.0,16.0,2.0,28.0,,26.0,5.0,22.0,25.0,3.0,14.0,12.0,10.0,7.0,4.0,11.0,,21.0,6.0,13.0,18.0,1.0,24.0,23.0,17.0
2025-10-06,7.0,15.0,9.0,21.0,27.0,18.0,16.0,2.0,28.0,,26.0,5.0,22.0,25.0,3.0,13.0,12.0,11.0,8.0,4.0,14.0,,20.0,6.0,10.0,19.0,1.0,24.0,23.0,17.0
2025-10-07,6.0,15.0,10.0,21.0,27.0,18.0,16.0,2.0,28.0,,26.0,5.0,23.0,25.0,3.0,13.0,12.0,11.0,8.0,4.0,14.0,,19.0,7.0,9.0,20.0,1.0,22.0,24.0,17.0
2025-10-08,6.0,15.0,10.0,21.0,27.0,18.0,16.0,2.0,28.0,,26.0,5.0,24.0,25.0,3.0,13.0,12.0,11.0,8.0,4.0,14.0,,19.0,7.0,9.0,17.0,1.0,23.0,22.0,20.0
2025-10-09,8.0,15.0,11.0,16.0,27.0,19.0,20.0,2.0,28.0,,26.0,6.0,24.0,25.0,3.0,13.0,12.0,10.0,7.0,4.0,22.0,,14.0,5.0,9.0,17.0,1.0,23.0,18.0,21.0
2025-10-10,7.0,15.0,11.0,18.0,27.0,20.0,19.0,2.0,28.0,,25.0,5.0,24.0,26.0,3.0,13.0,12.0,10.0,9.0,4.0,17.0,,14.0,6.0,8.0,16.0,1.0,23.0,22.0,21.0
2025-10-13,7.0,19.0,13.0,16.0,27.0,22.0,21.0,2.0,28.0,,25.0,5.0,24.0,26.0,4.0,12.0,11.0,10.0,8.0,3.0,17.0,,14.0,6.0,9.0,20.0,1.0,23.0,15.0,18.0
2025-10-14,6.0,19.0,11.0,22.0,27.0,21.0,17.0,2.0,28.0,,25.0,5.0,24.0,26.0,4.0,12.0,13.0,10.0,9.0,3.0,14.0,,15.0,7.0,8.0,18.0,1.0,23.0,16.0,20.0
2025-10-15,7.0,19.0,11.0,22.0,27.0,18.0,20.0,2.0,28.0,,25.0,4.0,24.0,26.0,5.0,13.0,14.0,10.0,9.0,3.0,12.0,,15.0,8.0,6.0,16.0,1.0,23.0,21.0,17.0
2025-10-16,8.0,20.0,13.0,21.0,27.0,19.0,18.0,2.0,28.0,,26.0,4.0,24.0,25.0,5.0,12.0,11.0,10.0,9.0,3.0,17.0,,15.0,7.0,6.0,14.0,1.0,22.0,23.0,16.0
2025-10-17,7.0,18.0,13.0,22.0,27.0,21.0,19.0,2.0,28.0,,26.0,4.0,24.0,25.0,5.0,16.0,12.0,10.0,9.0,3.0,14.0,,17.0,8.0,6.0,11.0,1.0,23.0,20.0,15.0
2025-10-20,7.0,17.0,11.0,23.0,27.0,20.0,19.0,2.0,28.0,,26.0,4.0,25.0,24.0,6.0,18.0,13.0,10.0,9.0,3.0,14.0,,16.0,8.0,5.0,12.0,1.0,22.0,21.0,15.0
2025-10-21,9.0,17.0,11.0,25.0,27.0,21.0,19.0,2.0,28.0,,26.0,6.0,23.0,24.0,5.0,18.0,13.0,10.0,7.0,3.0,14.0,,16.0,8.0,4.0,12.0,1.0,22.0,20.0,15.0
2025-10-23,9.0,18.0,12.0,25.0,27.0,21.0,19.0,2.0,28.0,,26.0,5.0,22.0,24.0,6.0,17.0,13.0,10.0,8.0,3.0,14.0,,16.0,7.0,4.0,11.0,1.0,23.0,20.0,15.0
2025-10-24,8.0,16.0,10.0,25.0,27.0,20.0,17.0,2.0,28.0,,26.0,5.0,21.0,22.0,6.0,19.0,14.0,12.0,9.0,3.0,15.0,,13.0,7.0,4.0,11.0,1.0,24.0,23.0,18.0
2025-10-27,7.0,17.0,10.0,25.0,27.0,20.0,18.0,2.0,28.0,,23.0,6.0,19.0,22.0,5.0,16.0,13.0,11.0,9.0,3.0,14.0,,15.0,8.0,4.0,12.0,1.0,24.0,26.0,21.0
2025-10-28,7.0,16.0,10.0,24.0,27.0,21.0,17.0,2.0,28.0,,23.0,6.0,19.0,22.0,5.0,18.0,14.0,12.0,9.0,3.0,15.0,,11.0,8.0,4.0,13.0,1.0,26.0,25.0,20.0
2025-10-29,10.0,16.0,12.0,24.0,27.0,21.0,18.0,2.0,28.0,,22.0,8.0,19.0,23.0,5.0,14.0,11.0,6.0,7.0,3.0,17.0,,13.0,9.0,4.0,15.0,1.0,26.0,25.0,20.0
2025-10-30,10.0,16.0,11.0,25.0,27.0,22.0,17.0,2.0,28.0,,21.0,8.0,20.0,23.0,5.0,14.0,12.0,6.0,9.0,3.0,19.0,,13.0,7.0,4.0,15.0,1.0,24.0,26.0,18.0
